timestamp,time,exchange,symbol,bid,bidVolume,ask,askVolume,lastPrice,baseVolume,quoteVolume
1753504792455,04:39:52.455,binanceusdm,AAVE/USDT:USDT,,,,,297.43,1029707.5,299552564.938
1753504792873,04:39:52.873,binanceusdm,AAVE/USDT:USDT,,,,,297.41,1029708.2,299552773.125
1753504795529,04:39:55.529,binanceusdm,AAVE/USDT:USDT,,,,,297.41,1029709.1,299553040.794
1753504797711,04:39:57.711,binanceusdm,AAVE/USDT:USDT,,,,,297.44,1029713.7,299554408.932
1753504801665,04:40:01.665,binanceusdm,AAVE/USDT:USDT,,,,,297.45,1027998.9,299063493.397
1753504803398,04:40:03.398,binanceusdm,AAVE/USDT:USDT,,,,,297.45,1028000.1,299063850.337
1753504806840,04:40:06.840,binanceusdm,AAVE/USDT:USDT,,,,,297.44,1028000.2,299063880.081
1753504808840,04:40:08.840,binanceusdm,AAVE/USDT:USDT,,,,,297.44,1028001.1,299064147.779
1753504815129,04:40:15.129,binanceusdm,AAVE/USDT:USDT,,,,,297.45,1028001.2,299064177.524
1753504815732,04:40:15.732,binanceusdm,AAVE/USDT:USDT,,,,,297.53,1028078.0,299087025.769
1753504820154,04:40:20.154,binanceusdm,AAVE/USDT:USDT,,,,,297.54,1028078.4,299087144.785
1753504820154,04:40:20.154,binanceusdm,AAVE/USDT:USDT,,,,,297.57,1028091.4,299091013.031
1753504823774,04:40:23.774,binanceusdm,AAVE/USDT:USDT,,,,,297.53,1028097.2,299092738.803
1753504824228,04:40:24.228,binanceusdm,AAVE/USDT:USDT,,,,,297.54,1028107.2,299095714.203
1753504827397,04:40:27.397,binanceusdm,AAVE/USDT:USDT,,,,,297.51,1028124.3,299100801.826
1753504831199,04:40:31.199,binanceusdm,AAVE/USDT:USDT,,,,,297.51,1028125.5,299101158.838
1753504832759,04:40:32.759,binanceusdm,AAVE/USDT:USDT,,,,,297.51,1028149.8,299108388.091
1753504834705,04:40:34.705,binanceusdm,AAVE/USDT:USDT,,,,,297.51,1028154.0,299109637.633
1753504837136,04:40:37.136,binanceusdm,AAVE/USDT:USDT,,,,,297.53,1028154.1,299109667.386
1753504838773,04:40:38.773,binanceusdm,AAVE/USDT:USDT,,,,,297.45,1028165.4,299113028.926
1753504839389,04:40:39.389,binanceusdm,AAVE/USDT:USDT,,,,,297.36,1028196.1,299122158.932
1753504842738,04:40:42.738,binanceusdm,AAVE/USDT:USDT,,,,,297.41,1028203.8,299124448.853
1753504843986,04:40:43.986,binanceusdm,AAVE/USDT:USDT,,,,,297.42,1028208.9,299125965.693
1753504845315,04:40:45.315,binanceusdm,AAVE/USDT:USDT,,,,,297.44,1028209.8,299126233.383
1753504848743,04:40:48.743,binanceusdm,AAVE/USDT:USDT,,,,,297.49,1028248.1,299137626.837
1753504852882,04:40:52.882,binanceusdm,AAVE/USDT:USDT,,,,,297.5,1028248.2,299137656.587
1753504854287,04:40:54.287,binanceusdm,AAVE/USDT:USDT,,,,,297.54,1028253.0,299139084.751
1753504859254,04:40:59.254,binanceusdm,AAVE/USDT:USDT,,,,,297.55,1028253.1,299139114.506
1753504861052,04:41:01.052,binanceusdm,AAVE/USDT:USDT,,,,,297.55,1026946.3,298764411.469
1753504863901,04:41:03.901,binanceusdm,AAVE/USDT:USDT,,,,,297.55,1026946.6,298764500.734
1753504865409,04:41:05.409,binanceusdm,AAVE/USDT:USDT,,,,,297.63,1026968.2,298770928.605
1753504867758,04:41:07.758,binanceusdm,AAVE/USDT:USDT,,,,,297.65,1026971.9,298772029.847
1753504871347,04:41:11.347,binanceusdm,AAVE/USDT:USDT,,,,,297.65,1026972.3,298772148.907
1753504871347,04:41:11.347,binanceusdm,AAVE/USDT:USDT,,,,,297.65,1026972.9,298772327.497
1753504874907,04:41:14.907,binanceusdm,AAVE/USDT:USDT,,,,,297.65,1026973.7,298772565.617
1753504877232,04:41:17.232,binanceusdm,AAVE/USDT:USDT,,,,,297.65,1026975.1,298772982.331
1753504882223,04:41:22.223,binanceusdm,AAVE/USDT:USDT,,,,,297.65,1026975.4,298773071.626
1753504884445,04:41:24.445,binanceusdm,AAVE/USDT:USDT,,,,,297.66,1026975.7,298773160.924
1753504886019,04:41:26.019,binanceusdm,AAVE/USDT:USDT,,,,,297.68,1026983.5,298775482.804
1753504887596,04:41:27.596,binanceusdm,AAVE/USDT:USDT,,,,,297.68,1027478.0,298922723.833
1753504889913,04:41:29.913,binanceusdm,AAVE/USDT:USDT,,,,,297.67,1027478.1,298922753.6
1753504890766,04:41:30.766,binanceusdm,AAVE/USDT:USDT,,,,,297.68,1027478.9,298922991.744
1753504893700,04:41:33.700,binanceusdm,AAVE/USDT:USDT,,,,,297.76,1027492.1,298926922.014
1753504898481,04:41:38.481,binanceusdm,AAVE/USDT:USDT,,,,,297.76,1027494.9,298927755.742
1753504899539,04:41:39.539,binanceusdm,AAVE/USDT:USDT,,,,,297.78,1027496.2,298928142.832
1753504900684,04:41:40.684,binanceusdm,AAVE/USDT:USDT,,,,,297.79,1027497.5,298928529.957
1753504906299,04:41:46.299,binanceusdm,AAVE/USDT:USDT,,,,,297.8,1027497.6,298928559.737
1753504906299,04:41:46.299,binanceusdm,AAVE/USDT:USDT,,,,,297.8,1027498.2,298928738.417
1753504916556,04:41:56.556,binanceusdm,AAVE/USDT:USDT,,,,,297.81,1027498.3,298928768.198
1753504920041,04:42:00.041,binanceusdm,AAVE/USDT:USDT,,,,,297.8,1026262.6,298574599.523
1753504921759,04:42:01.759,binanceusdm,AAVE/USDT:USDT,,,,,297.82,1026271.1,298577130.911
1753504923501,04:42:03.501,binanceusdm,AAVE/USDT:USDT,,,,,297.87,1026280.4,298579900.866
1753504926037,04:42:06.037,binanceusdm,AAVE/USDT:USDT,,,,,297.87,1026582.8,298669982.398
1753504926554,04:42:06.554,binanceusdm,AAVE/USDT:USDT,,,,,297.88,1026585.4,298670756.861
1753504931423,04:42:11.423,binanceusdm,AAVE/USDT:USDT,,,,,297.88,1026586.0,298670935.589
1753504933233,04:42:13.233,binanceusdm,AAVE/USDT:USDT,,,,,297.92,1026599.9,298675076.386
1753504935072,04:42:15.072,binanceusdm,AAVE/USDT:USDT,,,,,297.92,1026603.0,298675999.938
1753504936126,04:42:16.126,binanceusdm,AAVE/USDT:USDT,,,,,297.94,1026614.6,298679455.849
1753504939146,04:42:19.146,binanceusdm,AAVE/USDT:USDT,,,,,297.93,1026614.7,298679485.642
1753504940431,04:42:20.431,binanceusdm,AAVE/USDT:USDT,,,,,297.94,1026690.2,298701982.162
1753504942709,04:42:22.709,binanceusdm,AAVE/USDT:USDT,,,,,297.92,1026695.2,298703471.762
1753504946961,04:42:26.961,binanceusdm,AAVE/USDT:USDT,,,,,297.93,1026695.3,298703501.555
1753504948908,04:42:28.908,binanceusdm,AAVE/USDT:USDT,,,,,297.91,1026718.8,298710502.663
1753504951398,04:42:31.398,binanceusdm,AAVE/USDT:USDT,,,,,297.91,1026723.8,298711992.213
1753504952759,04:42:32.759,binanceusdm,AAVE/USDT:USDT,,,,,297.91,1026724.3,298712141.168
1753504953684,04:42:33.684,binanceusdm,AAVE/USDT:USDT,,,,,297.91,1026724.8,298712290.123
1753504957556,04:42:37.556,binanceusdm,AAVE/USDT:USDT,,,,,297.9,1026724.9,298712319.913
1753504958158,04:42:38.158,binanceusdm,AAVE/USDT:USDT,,,,,297.87,1026740.5,298716966.985
1753504960636,04:42:40.636,binanceusdm,AAVE/USDT:USDT,,,,,297.87,1026741.4,298717235.064
1753504962216,04:42:42.216,binanceusdm,AAVE/USDT:USDT,,,,,297.87,1026741.9,298717383.999
1753504963956,04:42:43.956,binanceusdm,AAVE/USDT:USDT,,,,,297.85,1026754.9,298721256.132
1753504970077,04:42:50.077,binanceusdm,AAVE/USDT:USDT,,,,,297.85,1026755.1,298721315.702
1753504972004,04:42:52.004,binanceusdm,AAVE/USDT:USDT,,,,,297.85,1026762.4,298723490.007
1753504973747,04:42:53.747,binanceusdm,AAVE/USDT:USDT,,,,,297.91,1026784.1,298729953.397
1753504975166,04:42:55.166,binanceusdm,AAVE/USDT:USDT,,,,,297.91,1026785.7,298730430.041
1753504979667,04:42:59.667,binanceusdm,AAVE/USDT:USDT,,,,,297.9,1026786.2,298730578.991
1753504980758,04:43:00.758,binanceusdm,AAVE/USDT:USDT,,,,,297.9,1025538.6,298373366.207
1753504982029,04:43:02.029,binanceusdm,AAVE/USDT:USDT,,,,,297.91,1025538.7,298373395.998
1753504984985,04:43:04.985,binanceusdm,AAVE/USDT:USDT,,,,,297.88,1025550.5,298376911.204
1753504987449,04:43:07.449,binanceusdm,AAVE/USDT:USDT,,,,,297.88,1025550.8,298377000.568
1753504988693,04:43:08.693,binanceusdm,AAVE/USDT:USDT,,,,,297.9,1025596.3,298390554.872
1753504989909,04:43:09.909,binanceusdm,AAVE/USDT:USDT,,,,,297.88,1025598.0,298391061.268
1753504993830,04:43:13.830,binanceusdm,AAVE/USDT:USDT,,,,,297.89,1025598.1,298391091.057
1753505000302,04:43:20.302,binanceusdm,AAVE/USDT:USDT,,,,,297.89,1025598.2,298391120.846
1753505000302,04:43:20.302,binanceusdm,AAVE/USDT:USDT,,,,,297.89,1025599.1,298391388.947
1753505006717,04:43:26.717,binanceusdm,AAVE/USDT:USDT,,,,,297.89,1025600.1,298391686.837
1753505006758,04:43:26.758,binanceusdm,AAVE/USDT:USDT,,,,,297.89,1025600.2,298391716.626
1753505010041,04:43:30.041,binanceusdm,AAVE/USDT:USDT,,,,,297.91,1025609.1,298394367.853
1753505011248,04:43:31.248,binanceusdm,AAVE/USDT:USDT,,,,,297.93,1025610.7,298394844.516
1753505016556,04:43:36.556,binanceusdm,AAVE/USDT:USDT,,,,,297.93,1025610.8,298394874.309
1753505016556,04:43:36.556,binanceusdm,AAVE/USDT:USDT,,,,,297.93,1025614.3,298395917.064
1753505021398,04:43:41.398,binanceusdm,AAVE/USDT:USDT,,,,,297.93,1025614.5,298395976.65
1753505021398,04:43:41.398,binanceusdm,AAVE/USDT:USDT,,,,,297.93,1025614.8,298396066.029
1753505028202,04:43:48.202,binanceusdm,AAVE/USDT:USDT,,,,,297.93,1025615.1,298396155.408
1753505032016,04:43:52.016,binanceusdm,AAVE/USDT:USDT,,,,,297.93,1025615.3,298396214.994
1753505032359,04:43:52.359,binanceusdm,AAVE/USDT:USDT,,,,,297.92,1025627.1,298399730.452
1753505036231,04:43:56.231,binanceusdm,AAVE/USDT:USDT,,,,,297.91,1025628.0,298399998.571
1753505036231,04:43:56.231,binanceusdm,AAVE/USDT:USDT,,,,,297.91,1025628.8,298400236.899
1753505038345,04:43:58.345,binanceusdm,AAVE/USDT:USDT,,,,,297.91,1025629.0,298400296.481
1753505041629,04:44:01.629,binanceusdm,AAVE/USDT:USDT,,,,,297.91,1024388.1,298045499.951
1753505042936,04:44:02.936,binanceusdm,AAVE/USDT:USDT,,,,,297.93,1024388.3,298045559.537
1753505046093,04:44:06.093,binanceusdm,AAVE/USDT:USDT,,,,,297.93,1024388.7,298045678.709
1753505047949,04:44:07.949,binanceusdm,AAVE/USDT:USDT,,,,,297.9,1024390.5,298046214.967
1753505049920,04:44:09.920,binanceusdm,AAVE/USDT:USDT,,,,,297.91,1024391.4,298046483.086
1753505052111,04:44:12.111,binanceusdm,AAVE/USDT:USDT,,,,,297.91,1024391.8,298046602.25
1753505054409,04:44:14.409,binanceusdm,AAVE/USDT:USDT,,,,,297.91,1024392.3,298046751.205
1753505056704,04:44:16.704,binanceusdm,AAVE/USDT:USDT,,,,,297.91,1024392.8,298046900.16
1753505058592,04:44:18.592,binanceusdm,AAVE/USDT:USDT,,,,,297.9,1024392.9,298046929.95
1753505059001,04:44:19.001,binanceusdm,AAVE/USDT:USDT,,,,,297.91,1024393.2,298047019.323
1753505061296,04:44:21.296,binanceusdm,AAVE/USDT:USDT,,,,,297.91,1024393.4,298047078.905
1753505063590,04:44:23.590,binanceusdm,AAVE/USDT:USDT,,,,,297.91,1024393.7,298047168.278
1753505069690,04:44:29.690,binanceusdm,AAVE/USDT:USDT,,,,,297.9,1024393.8,298047198.068
1753505069690,04:44:29.690,binanceusdm,AAVE/USDT:USDT,,,,,297.9,1024394.7,298047466.178
1753505073343,04:44:33.343,binanceusdm,AAVE/USDT:USDT,,,,,297.9,1024395.2,298047615.128
1753505076747,04:44:36.747,binanceusdm,AAVE/USDT:USDT,,,,,297.91,1024396.2,298047913.038
1753505077758,04:44:37.758,binanceusdm,AAVE/USDT:USDT,,,,,297.91,1024397.3,298048240.739
1753505088098,04:44:48.098,binanceusdm,AAVE/USDT:USDT,,,,,297.91,1024397.6,298048330.112
1753505089218,04:44:49.218,binanceusdm,AAVE/USDT:USDT,,,,,297.91,1024399.3,298048836.559
1753505091662,04:44:51.662,binanceusdm,AAVE/USDT:USDT,,,,,297.95,1024430.9,298058250.637
1753505097704,04:44:57.704,binanceusdm,AAVE/USDT:USDT,,,,,297.95,1024431.0,298058280.432
1753505099642,04:44:59.642,binanceusdm,AAVE/USDT:USDT,,,,,297.97,1024437.7,298060276.809
1753505100707,04:45:00.707,binanceusdm,AAVE/USDT:USDT,,,,,297.94,1024001.5,297935676.292
1753505102690,04:45:02.690,binanceusdm,AAVE/USDT:USDT,,,,,297.94,1024003.3,297936212.584
1753505105694,04:45:05.694,binanceusdm,AAVE/USDT:USDT,,,,,297.91,1024004.9,297936689.253
1753505107535,04:45:07.535,binanceusdm,AAVE/USDT:USDT,,,,,297.9,1024008.8,297937851.089
1753505108163,04:45:08.163,binanceusdm,AAVE/USDT:USDT,,,,,297.91,1024015.5,297939847.086
1753505114986,04:45:14.986,binanceusdm,AAVE/USDT:USDT,,,,,297.9,1024015.6,297939876.876
1753505118286,04:45:18.286,binanceusdm,AAVE/USDT:USDT,,,,,297.91,1024016.0,297939996.04
1753505119733,04:45:19.733,binanceusdm,AAVE/USDT:USDT,,,,,297.9,1024019.9,297941157.858
1753505121464,04:45:21.464,binanceusdm,AAVE/USDT:USDT,,,,,297.91,1024020.3,297941277.022
1753505124095,04:45:24.095,binanceusdm,AAVE/USDT:USDT,,,,,297.91,1024021.0,297941485.559
1753505135145,04:45:35.145,binanceusdm,AAVE/USDT:USDT,,,,,297.91,1024021.1,297941515.35
1753505136758,04:45:36.758,binanceusdm,AAVE/USDT:USDT,,,,,297.91,1024021.3,297941574.931
1753505137759,04:45:37.759,binanceusdm,AAVE/USDT:USDT,,,,,297.9,1024030.4,297944285.822
1753505143378,04:45:43.378,binanceusdm,AAVE/USDT:USDT,,,,,297.9,1024030.6,297944345.402
1753505144504,04:45:44.504,binanceusdm,AAVE/USDT:USDT,,,,,297.9,1024032.4,297944881.622
1753505145905,04:45:45.905,binanceusdm,AAVE/USDT:USDT,,,,,297.89,1024039.9,297947115.797
1753505148464,04:45:48.464,binanceusdm,AAVE/USDT:USDT,,,,,297.87,1024064.5,297954443.717
1753505150563,04:45:50.563,binanceusdm,AAVE/USDT:USDT,,,,,297.86,1024064.7,297954503.289
1753505152851,04:45:52.851,binanceusdm,AAVE/USDT:USDT,,,,,297.86,1024065.3,297954682.007
1753505160041,04:46:00.041,binanceusdm,AAVE/USDT:USDT,,,,,297.86,1023613.8,297825380.825
1753505161982,04:46:01.982,binanceusdm,AAVE/USDT:USDT,,,,,297.87,1023622.8,297828061.655
1753505162357,04:46:02.357,binanceusdm,AAVE/USDT:USDT,,,,,297.87,1023622.9,297828091.442
1753505165779,04:46:05.779,binanceusdm,AAVE/USDT:USDT,,,,,297.88,1023625.8,297828955.291
1753505168197,04:46:08.197,binanceusdm,AAVE/USDT:USDT,,,,,297.87,1023629.9,297830176.558
1753505170061,04:46:10.061,binanceusdm,AAVE/USDT:USDT,,,,,297.91,1023642.4,297833900.043
1753505172075,04:46:12.075,binanceusdm,AAVE/USDT:USDT,,,,,297.91,1023645.2,297834734.201
1753505173737,04:46:13.737,binanceusdm,AAVE/USDT:USDT,,,,,297.91,1023646.5,297835121.484
1753505180598,04:46:20.598,binanceusdm,AAVE/USDT:USDT,,,,,297.91,1023646.6,297835151.275
1753505182446,04:46:22.446,binanceusdm,AAVE/USDT:USDT,,,,,297.91,1023648.3,297835657.722
1753505182669,04:46:22.669,binanceusdm,AAVE/USDT:USDT,,,,,297.86,1023691.2,297848436.674
1753505186024,04:46:26.024,binanceusdm,AAVE/USDT:USDT,,,,,297.91,1023696.4,297849985.796
1753505188467,04:46:28.467,binanceusdm,AAVE/USDT:USDT,,,,,297.91,1023696.7,297850075.169
1753505189439,04:46:29.439,binanceusdm,AAVE/USDT:USDT,,,,,297.91,1023698.9,297850730.585
1753505191544,04:46:31.544,binanceusdm,AAVE/USDT:USDT,,,,,297.91,1023708.9,297853709.697
1753505193040,04:46:33.040,binanceusdm,AAVE/USDT:USDT,,,,,297.91,1023709.5,297853888.443
1753505196163,04:46:36.163,binanceusdm,AAVE/USDT:USDT,,,,,297.88,1023714.7,297855437.564
1753505197615,04:46:37.615,binanceusdm,AAVE/USDT:USDT,,,,,297.88,1023748.8,297865595.272
1753505200680,04:46:40.680,binanceusdm,AAVE/USDT:USDT,,,,,297.87,1023748.9,297865625.059
1753505202615,04:46:42.615,binanceusdm,AAVE/USDT:USDT,,,,,297.9,1023761.1,297869259.0
1753505203433,04:46:43.433,binanceusdm,AAVE/USDT:USDT,,,,,297.88,1023772.3,297872595.341
1753505206677,04:46:46.677,binanceusdm,AAVE/USDT:USDT,,,,,297.86,1023777.9,297874263.359
1753505208659,04:46:48.659,binanceusdm,AAVE/USDT:USDT,,,,,297.85,1023785.2,297876437.677
1753505213787,04:46:53.787,binanceusdm,AAVE/USDT:USDT,,,,,297.84,1023798.6,297880428.733
1753505214681,04:46:54.681,binanceusdm,AAVE/USDT:USDT,,,,,297.78,1023818.9,297886474.145
1753505217546,04:46:57.546,binanceusdm,AAVE/USDT:USDT,,,,,297.72,1023829.1,297889511.192
1753505219020,04:46:59.020,binanceusdm,AAVE/USDT:USDT,,,,,297.71,1023830.6,297889957.757
1753505221767,04:47:01.767,binanceusdm,AAVE/USDT:USDT,,,,,297.7,1023068.3,297671620.734
1753505223259,04:47:03.259,binanceusdm,AAVE/USDT:USDT,,,,,297.69,1023069.0,297671829.121
1753505227524,04:47:07.524,binanceusdm,AAVE/USDT:USDT,,,,,297.7,1023070.6,297672305.441
1753505229025,04:47:09.025,binanceusdm,AAVE/USDT:USDT,,,,,297.69,1023071.1,297672454.286
1753505230353,04:47:10.353,binanceusdm,AAVE/USDT:USDT,,,,,297.68,1023071.8,297672662.663
1753505233123,04:47:13.123,binanceusdm,AAVE/USDT:USDT,,,,,297.62,1023096.8,297680104.08
1753505234887,04:47:14.887,binanceusdm,AAVE/USDT:USDT,,,,,297.62,1023102.7,297681860.038
1753505237243,04:47:17.243,binanceusdm,AAVE/USDT:USDT,,,,,297.6,1023106.9,297683109.997
1753505238020,04:47:18.020,binanceusdm,AAVE/USDT:USDT,,,,,297.6,1023107.0,297683139.757
1753505241439,04:47:21.439,binanceusdm,AAVE/USDT:USDT,,,,,297.58,1023116.1,297685847.85
1753505242541,04:47:22.541,binanceusdm,AAVE/USDT:USDT,,,,,297.57,1023116.3,297685907.364
1753505244830,04:47:24.830,binanceusdm,AAVE/USDT:USDT,,,,,297.57,1023116.5,297685966.878
1753505248398,04:47:28.398,binanceusdm,AAVE/USDT:USDT,,,,,297.58,1023116.9,297686085.91
1753505249414,04:47:29.414,binanceusdm,AAVE/USDT:USDT,,,,,297.61,1023146.5,297694894.295
1753505252024,04:47:32.024,binanceusdm,AAVE/USDT:USDT,,,,,297.66,1023206.9,297712869.62
1753505253905,04:47:33.905,binanceusdm,AAVE/USDT:USDT,,,,,297.7,1023218.1,297716203.689
1753505256195,04:47:36.195,binanceusdm,AAVE/USDT:USDT,,,,,297.69,1023218.8,297716412.072
1753505258124,04:47:38.124,binanceusdm,AAVE/USDT:USDT,,,,,297.78,1023227.4,297718972.519
1753505259831,04:47:39.831,binanceusdm,AAVE/USDT:USDT,,,,,297.78,1023227.9,297719121.409
1753505261933,04:47:41.933,binanceusdm,AAVE/USDT:USDT,,,,,297.8,1023238.6,297722307.855
1753505266758,04:47:46.758,binanceusdm,AAVE/USDT:USDT,,,,,297.8,1023238.8,297722367.415
1753505267759,04:47:47.759,binanceusdm,AAVE/USDT:USDT,,,,,297.8,1023239.2,297722486.535
1753505271577,04:47:51.577,binanceusdm,AAVE/USDT:USDT,,,,,297.79,1023239.5,297722575.872
1753505272442,04:47:52.442,binanceusdm,AAVE/USDT:USDT,,,,,297.72,1023257.6,297727965.128
1753505273859,04:47:53.859,binanceusdm,AAVE/USDT:USDT,,,,,297.68,1023275.9,297733412.932
1753505278113,04:47:58.113,binanceusdm,AAVE/USDT:USDT,,,,,297.67,1023276.0,297733442.699
1753505278113,04:47:58.113,binanceusdm,AAVE/USDT:USDT,,,,,297.67,1023278.1,297734067.806
1753505284553,04:48:04.553,binanceusdm,AAVE/USDT:USDT,,,,,297.67,1022510.1,297513988.251
1753505285972,04:48:05.972,binanceusdm,AAVE/USDT:USDT,,,,,297.67,1022513.1,297514881.261
1753505288465,04:48:08.465,binanceusdm,AAVE/USDT:USDT,,,,,297.65,1022517.6,297516220.691
1753505290040,04:48:10.040,binanceusdm,AAVE/USDT:USDT,,,,,297.64,1022521.9,297517500.575
1753505292225,04:48:12.225,binanceusdm,AAVE/USDT:USDT,,,,,297.65,1022534.5,297521250.842
1753505294321,04:48:14.321,binanceusdm,AAVE/USDT:USDT,,,,,297.64,1022544.5,297524227.242
1753505304477,04:48:24.477,binanceusdm,AAVE/USDT:USDT,,,,,297.63,1022544.6,297524257.005
1753505304477,04:48:24.477,binanceusdm,AAVE/USDT:USDT,,,,,297.63,1022544.7,297524286.768
1753505308460,04:48:28.460,binanceusdm,AAVE/USDT:USDT,,,,,297.59,1022558.5,297528393.764
1753505310230,04:48:30.230,binanceusdm,AAVE/USDT:USDT,,,,,297.58,1022558.6,297528423.522
1753505310591,04:48:30.591,binanceusdm,AAVE/USDT:USDT,,,,,297.56,1022595.6,297539433.819
1753505312759,04:48:32.759,binanceusdm,AAVE/USDT:USDT,,,,,297.56,1022596.1,297539582.599
1753505316039,04:48:36.039,binanceusdm,AAVE/USDT:USDT,,,,,297.56,1022604.5,297542082.054
1753505318383,04:48:38.383,binanceusdm,AAVE/USDT:USDT,,,,,297.54,1022636.3,297551543.581
1753505318805,04:48:38.805,binanceusdm,AAVE/USDT:USDT,,,,,297.55,1022636.8,297551692.356
1753505321817,04:48:41.817,binanceusdm,AAVE/USDT:USDT,,,,,297.54,1022645.3,297554221.523
1753505324559,04:48:44.559,binanceusdm,AAVE/USDT:USDT,,,,,297.55,1022645.4,297554251.278
1753505326039,04:48:46.039,binanceusdm,AAVE/USDT:USDT,,,,,297.61,1022703.7,297571600.165
1753505329629,04:48:49.629,binanceusdm,AAVE/USDT:USDT,,,,,297.63,1022703.9,297571659.691
1753505332042,04:48:52.042,binanceusdm,AAVE/USDT:USDT,,,,,297.61,1022704.1,297571719.213
1753505334893,04:48:54.893,binanceusdm,AAVE/USDT:USDT,,,,,297.61,1022704.2,297571748.974
1753505334893,04:48:54.893,binanceusdm,AAVE/USDT:USDT,,,,,297.61,1022707.2,297572641.804
1753505340868,04:49:00.868,binanceusdm,AAVE/USDT:USDT,,,,,297.6,1022280.4,297450239.9
1753505341429,04:49:01.429,binanceusdm,AAVE/USDT:USDT,,,,,297.58,1022323.1,297462947.241
1753505346557,04:49:06.557,binanceusdm,AAVE/USDT:USDT,,,,,297.58,1022323.2,297462976.999
1753505347765,04:49:07.765,binanceusdm,AAVE/USDT:USDT,,,,,297.58,1022328.1,297464435.141
1753505348945,04:49:08.945,binanceusdm,AAVE/USDT:USDT,,,,,297.59,1022334.7,297466399.235
1753505351758,04:49:11.758,binanceusdm,AAVE/USDT:USDT,,,,,297.61,1022338.2,297467440.837
1753505353990,04:49:13.990,binanceusdm,AAVE/USDT:USDT,,,,,297.55,1022380.8,297480116.683
1753505356263,04:49:16.263,binanceusdm,AAVE/USDT:USDT,,,,,297.54,1022380.9,297480146.437
1753505357938,04:49:17.938,binanceusdm,AAVE/USDT:USDT,,,,,297.52,1022381.7,297480384.457
1753505366857,04:49:26.857,binanceusdm,AAVE/USDT:USDT,,,,,297.52,1022381.9,297480443.961
1753505367516,04:49:27.516,binanceusdm,AAVE/USDT:USDT,,,,,297.52,1022395.3,297484430.729
1753505370949,04:49:30.949,binanceusdm,AAVE/USDT:USDT,,,,,297.52,1022395.4,297484460.481
1753505372759,04:49:32.759,binanceusdm,AAVE/USDT:USDT,,,,,297.52,1022395.9,297484609.241
1753505375583,04:49:35.583,binanceusdm,AAVE/USDT:USDT,,,,,297.51,1022396.0,297484638.992
1753505376534,04:49:36.534,binanceusdm,AAVE/USDT:USDT,,,,,297.53,1022400.6,297486007.554
1753505381816,04:49:41.816,binanceusdm,AAVE/USDT:USDT,,,,,297.53,1022409.1,297488536.559
1753505382117,04:49:42.117,binanceusdm,AAVE/USDT:USDT,,,,,297.51,1022451.1,297501032.769
1753505385347,04:49:45.347,binanceusdm,AAVE/USDT:USDT,,,,,297.5,1022452.6,297501479.019
1753505391470,04:49:51.470,binanceusdm,AAVE/USDT:USDT,,,,,297.49,1022455.8,297502430.987
1753505391470,04:49:51.470,binanceusdm,AAVE/USDT:USDT,,,,,297.49,1022461.4,297504096.931
1753505394236,04:49:54.236,binanceusdm,AAVE/USDT:USDT,,,,,297.5,1022461.9,297504245.681
1753505400171,04:50:00.171,binanceusdm,AAVE/USDT:USDT,,,,,297.5,1021820.5,297320188.728
1753505405041,04:50:05.041,binanceusdm,AAVE/USDT:USDT,,,,,297.49,1021820.6,297320218.477
1753505405628,04:50:05.628,binanceusdm,AAVE/USDT:USDT,,,,,297.5,1021821.1,297320367.223
1753505407710,04:50:07.710,binanceusdm,AAVE/USDT:USDT,,,,,297.5,1021821.9,297320605.223
1753505410040,04:50:10.040,binanceusdm,AAVE/USDT:USDT,,,,,297.49,1021822.2,297320694.472
1753505413276,04:50:13.276,binanceusdm,AAVE/USDT:USDT,,,,,297.5,1021822.4,297320753.972
1753505413276,04:50:13.276,binanceusdm,AAVE/USDT:USDT,,,,,297.5,1021822.5,297320783.722
1753505417253,04:50:17.253,binanceusdm,AAVE/USDT:USDT,,,,,297.48,1021854.4,297330273.527
1753505422702,04:50:22.702,binanceusdm,AAVE/USDT:USDT,,,,,297.48,1021855.9,297330719.747
1753505422702,04:50:22.702,binanceusdm,AAVE/USDT:USDT,,,,,297.48,1021857.8,297331284.959
1753505425445,04:50:25.445,binanceusdm,AAVE/USDT:USDT,,,,,297.45,1021881.7,297338394.258
1753505427759,04:50:27.759,binanceusdm,AAVE/USDT:USDT,,,,,297.44,1021882.5,297338632.21
1753505433320,04:50:33.320,binanceusdm,AAVE/USDT:USDT,,,,,297.43,1021882.6,297338661.953
1753505435085,04:50:35.085,binanceusdm,AAVE/USDT:USDT,,,,,297.41,1021888.9,297340535.69
1753505436758,04:50:36.758,binanceusdm,AAVE/USDT:USDT,,,,,297.42,1021889.1,297340595.174
1753505441386,04:50:41.386,binanceusdm,AAVE/USDT:USDT,,,,,297.41,1021891.2,297341219.735
1753505442347,04:50:42.347,binanceusdm,AAVE/USDT:USDT,,,,,297.42,1021909.0,297346513.659
1753505445326,04:50:45.326,binanceusdm,AAVE/USDT:USDT,,,,,297.41,1021913.9,297347970.968
1753505455301,04:50:55.301,binanceusdm,AAVE/USDT:USDT,,,,,297.41,1021914.1,297348030.45
1753505456863,04:50:56.863,binanceusdm,AAVE/USDT:USDT,,,,,297.39,1021945.0,297357220.337
1753505460071,04:51:00.071,binanceusdm,AAVE/USDT:USDT,,,,,297.38,1021240.3,297155200.312
1753505461973,04:51:01.973,binanceusdm,AAVE/USDT:USDT,,,,,297.38,1021240.9,297155378.74
1753505462833,04:51:02.833,binanceusdm,AAVE/USDT:USDT,,,,,297.33,1021253.7,297159184.935
1753505465799,04:51:05.799,binanceusdm,AAVE/USDT:USDT,,,,,297.3,1021267.8,297163377.254
1753505467472,04:51:07.472,binanceusdm,AAVE/USDT:USDT,,,,,297.27,1021269.1,297163763.719
1753505469913,04:51:09.913,binanceusdm,AAVE/USDT:USDT,,,,,297.27,1021269.3,297163823.174
1753505472781,04:51:12.781,binanceusdm,AAVE/USDT:USDT,,,,,297.27,1021269.4,297163852.901
1753505474726,04:51:14.726,binanceusdm,AAVE/USDT:USDT,,,,,297.24,1021309.3,297175713.962
1753505474822,04:51:14.822,binanceusdm,AAVE/USDT:USDT,,,,,297.2,1021340.3,297184927.848
1753505478121,04:51:18.121,binanceusdm,AAVE/USDT:USDT,,,,,297.24,1021374.3,297195033.671
1753505480689,04:51:20.689,binanceusdm,AAVE/USDT:USDT,,,,,297.24,1021375.8,297195479.542
1753505482344,04:51:22.344,binanceusdm,AAVE/USDT:USDT,,,,,297.36,1021387.5,297198958.231
1753505485180,04:51:25.180,binanceusdm,AAVE/USDT:USDT,,,,,297.37,1021390.8,297199939.552
1753505487086,04:51:27.086,binanceusdm,AAVE/USDT:USDT,,,,,297.53,1021417.4,297207851.604
1753505488717,04:51:28.717,binanceusdm,AAVE/USDT:USDT,,,,,297.61,1021424.6,297209994.11
1753505490194,04:51:30.194,binanceusdm,AAVE/USDT:USDT,,,,,297.6,1021432.8,297212434.501
1753505493054,04:51:33.054,binanceusdm,AAVE/USDT:USDT,,,,,297.52,1021444.5,297215915.79
1753505494523,04:51:34.523,binanceusdm,AAVE/USDT:USDT,,,,,297.52,1021444.8,297216005.046
1753505495642,04:51:35.642,binanceusdm,AAVE/USDT:USDT,,,,,297.58,1021447.5,297216808.437
1753505499236,04:51:39.236,binanceusdm,AAVE/USDT:USDT,,,,,297.6,1021447.9,297216927.477
1753505499236,04:51:39.236,binanceusdm,AAVE/USDT:USDT,,,,,297.6,1021448.5,297217106.037
1753505502554,04:51:42.554,binanceusdm,AAVE/USDT:USDT,,,,,297.6,1021458.2,297219992.931
1753505507759,04:51:47.759,binanceusdm,AAVE/USDT:USDT,,,,,297.61,1021459.0,297220231.019
1753505510379,04:51:50.379,binanceusdm,AAVE/USDT:USDT,,,,,297.61,1021459.2,297220290.541
1753505511659,04:51:51.659,binanceusdm,AAVE/USDT:USDT,,,,,297.68,1021465.5,297222165.762
1753505512565,04:51:52.565,binanceusdm,AAVE/USDT:USDT,,,,,297.72,1021475.5,297225142.778
1753505515906,04:51:55.906,binanceusdm,AAVE/USDT:USDT,,,,,297.72,1021479.0,297226184.798
1753505517827,04:51:57.827,binanceusdm,AAVE/USDT:USDT,,,,,297.74,1021482.1,297227107.777
1753505519488,04:51:59.488,binanceusdm,AAVE/USDT:USDT,,,,,297.75,1021482.7,297227286.425
1753505522069,04:52:02.069,binanceusdm,AAVE/USDT:USDT,,,,,297.76,1020797.9,297031130.91
1753505525536,04:52:05.536,binanceusdm,AAVE/USDT:USDT,,,,,297.75,1020798.0,297031160.685
1753505526716,04:52:06.716,binanceusdm,AAVE/USDT:USDT,,,,,297.68,1020818.6,297037293.914
1753505529347,04:52:09.347,binanceusdm,AAVE/USDT:USDT,,,,,297.67,1020822.3,297038395.293
1753505530183,04:52:10.183,binanceusdm,AAVE/USDT:USDT,,,,,297.67,1020823.2,297038663.196
1753505532456,04:52:12.456,binanceusdm,AAVE/USDT:USDT,,,,,297.68,1020825.4,297039318.092
1753505536343,04:52:16.343,binanceusdm,AAVE/USDT:USDT,,,,,297.67,1020825.5,297039347.859
1753505538555,04:52:18.555,binanceusdm,AAVE/USDT:USDT,,,,,297.68,1020825.6,297039377.627
1753505538956,04:52:18.956,binanceusdm,AAVE/USDT:USDT,,,,,297.67,1020833.9,297041848.288
1753505541405,04:52:21.405,binanceusdm,AAVE/USDT:USDT,,,,,297.67,1020842.7,297044467.784
1753505544459,04:52:24.459,binanceusdm,AAVE/USDT:USDT,,,,,297.7,1020846.1,297045479.897
1753505544961,04:52:24.961,binanceusdm,AAVE/USDT:USDT,,,,,297.7,1020846.2,297045509.667
1753505546674,04:52:26.674,binanceusdm,AAVE/USDT:USDT,,,,,297.7,1020846.6,297045628.747
1753505550854,04:52:30.854,binanceusdm,AAVE/USDT:USDT,,,,,297.7,1020846.8,297045688.287
1753505552767,04:52:32.767,binanceusdm,AAVE/USDT:USDT,,,,,297.64,1020972.7,297083163.523
1753505553417,04:52:33.417,binanceusdm,AAVE/USDT:USDT,,,,,297.65,1020972.8,297083193.288
1753505554990,04:52:34.990,binanceusdm,AAVE/USDT:USDT,,,,,297.65,1020977.7,297084651.773
1753505560289,04:52:40.289,binanceusdm,AAVE/USDT:USDT,,,,,297.66,1020977.8,297084681.539
1753505561855,04:52:41.855,binanceusdm,AAVE/USDT:USDT,,,,,297.66,1021022.0,297097837.31
1753505565250,04:52:45.250,binanceusdm,AAVE/USDT:USDT,,,,,297.63,1021022.1,297097867.073
1753505567047,04:52:47.047,binanceusdm,AAVE/USDT:USDT,,,,,297.61,1021031.1,297100545.568
1753505569414,04:52:49.414,binanceusdm,AAVE/USDT:USDT,,,,,297.61,1021127.7,297129294.694
1753505570742,04:52:50.742,binanceusdm,AAVE/USDT:USDT,,,,,297.56,1021136.6,297131943.115
1753505573160,04:52:53.160,binanceusdm,AAVE/USDT:USDT,,,,,297.55,1021139.2,297132716.745
1753505578330,04:52:58.330,binanceusdm,AAVE/USDT:USDT,,,,,297.54,1021139.3,297132746.499
1753505580051,04:53:00.051,binanceusdm,AAVE/USDT:USDT,,,,,297.53,1020672.0,296998826.861
1753505582288,04:53:02.288,binanceusdm,AAVE/USDT:USDT,,,,,297.52,1020672.2,296998886.365
1753505584115,04:53:04.115,binanceusdm,AAVE/USDT:USDT,,,,,297.52,1020681.5,297001653.297
1753505585175,04:53:05.175,binanceusdm,AAVE/USDT:USDT,,,,,297.57,1020688.8,297003825.397
1753505591344,04:53:11.344,binanceusdm,AAVE/USDT:USDT,,,,,297.56,1020689.1,297003914.665
1753505591965,04:53:11.965,binanceusdm,AAVE/USDT:USDT,,,,,297.52,1020731.2,297016440.825
1753505595163,04:53:15.163,binanceusdm,AAVE/USDT:USDT,,,,,297.53,1020731.3,297016470.578
1753505597759,04:53:17.759,binanceusdm,AAVE/USDT:USDT,,,,,297.53,1020731.7,297016589.59
1753505600583,04:53:20.583,binanceusdm,AAVE/USDT:USDT,,,,,297.52,1020735.1,297017601.158
1753505602691,04:53:22.691,binanceusdm,AAVE/USDT:USDT,,,,,297.53,1020737.7,297018374.736
1753505602692,04:53:22.692,binanceusdm,AAVE/USDT:USDT,,,,,297.53,1020745.2,297020606.211
1753505606777,04:53:26.777,binanceusdm,AAVE/USDT:USDT,,,,,297.54,1020745.3,297020635.965
1753505616758,04:53:36.758,binanceusdm,AAVE/USDT:USDT,,,,,297.53,1020752.4,297022748.428
1753505616758,04:53:36.758,binanceusdm,AAVE/USDT:USDT,,,,,297.53,1020752.5,297022778.181
1753505621800,04:53:41.800,binanceusdm,AAVE/USDT:USDT,,,,,297.52,1020752.6,297022807.933
1753505622175,04:53:42.175,binanceusdm,AAVE/USDT:USDT,,,,,297.53,1020762.0,297025604.631
1753505624428,04:53:44.428,binanceusdm,AAVE/USDT:USDT,,,,,297.6,1020777.5,297030216.548
1753505626598,04:53:46.598,binanceusdm,AAVE/USDT:USDT,,,,,297.61,1020777.7,297030276.07
1753505628444,04:53:48.444,binanceusdm,AAVE/USDT:USDT,,,,,297.62,1020781.1,297031287.953
1753505632941,04:53:52.941,binanceusdm,AAVE/USDT:USDT,,,,,297.63,1020781.2,297031317.716
1753505634704,04:53:54.704,binanceusdm,AAVE/USDT:USDT,,,,,297.63,1020787.0,297033043.97
1753505636676,04:53:56.676,binanceusdm,AAVE/USDT:USDT,,,,,297.63,1020787.9,297033311.837
1753505638772,04:53:58.772,binanceusdm,AAVE/USDT:USDT,,,,,297.64,1020809.8,297039830.156
1753505640835,04:54:00.835,binanceusdm,AAVE/USDT:USDT,,,,,297.7,1020349.2,296908342.989
1753505641582,04:54:01.582,binanceusdm,AAVE/USDT:USDT,,,,,297.7,1020358.1,296910992.519
1753505646980,04:54:06.980,binanceusdm,AAVE/USDT:USDT,,,,,297.68,1020358.2,296911022.287
1753505648891,04:54:08.891,binanceusdm,AAVE/USDT:USDT,,,,,297.67,1020362.2,296912212.998
1753505650053,04:54:10.053,binanceusdm,AAVE/USDT:USDT,,,,,297.67,1020362.8,296912391.6
1753505651596,04:54:11.596,binanceusdm,AAVE/USDT:USDT,,,,,297.66,1020363.2,296912510.664
1753505653619,04:54:13.619,binanceusdm,AAVE/USDT:USDT,,,,,297.65,1020363.3,296912540.429
1753505656438,04:54:16.438,binanceusdm,AAVE/USDT:USDT,,,,,297.64,1020369.8,296914475.089
1753505663387,04:54:23.387,binanceusdm,AAVE/USDT:USDT,,,,,297.62,1020369.9,296914504.851
1753505664159,04:54:24.159,binanceusdm,AAVE/USDT:USDT,,,,,297.61,1020370.2,296914594.135
1753505666538,04:54:26.538,binanceusdm,AAVE/USDT:USDT,,,,,297.57,1020373.0,296915427.364
1753505669395,04:54:29.395,binanceusdm,AAVE/USDT:USDT,,,,,297.57,1020378.3,296917004.485
1753505669438,04:54:29.438,binanceusdm,AAVE/USDT:USDT,,,,,297.61,1020404.4,296924771.127
1753505674982,04:54:34.982,binanceusdm,AAVE/USDT:USDT,,,,,297.62,1020404.5,296924800.889
1753505676902,04:54:36.902,binanceusdm,AAVE/USDT:USDT,,,,,297.59,1020409.5,296926288.888
1753505681728,04:54:41.728,binanceusdm,AAVE/USDT:USDT,,,,,297.57,1020409.6,296926318.645
1753505683401,04:54:43.401,binanceusdm,AAVE/USDT:USDT,,,,,297.6,1020420.6,296929591.974
1753505685252,04:54:45.252,binanceusdm,AAVE/USDT:USDT,,,,,297.59,1020425.6,296931079.924
1753505687849,04:54:47.849,binanceusdm,AAVE/USDT:USDT,,,,,297.59,1020426.5,296931347.755
1753505687849,04:54:47.849,binanceusdm,AAVE/USDT:USDT,,,,,297.59,1020427.0,296931496.55
1753505691229,04:54:51.229,binanceusdm,AAVE/USDT:USDT,,,,,297.72,1021837.2,297351403.307
1753505692766,04:54:52.766,binanceusdm,AAVE/USDT:USDT,,,,,297.76,1021841.8,297352773.001
1753505696643,04:54:56.643,binanceusdm,AAVE/USDT:USDT,,,,,297.75,1021845.8,297353964.001
1753505697480,04:54:57.480,binanceusdm,AAVE/USDT:USDT,,,,,297.77,1021863.0,297359085.696
1753505702431,04:55:02.431,binanceusdm,AAVE/USDT:USDT,,,,,297.76,1020769.6,297045680.345
1753505703800,04:55:03.800,binanceusdm,AAVE/USDT:USDT,,,,,297.71,1020782.6,297049550.86
1753505704980,04:55:04.980,binanceusdm,AAVE/USDT:USDT,,,,,297.68,1020788.3,297051247.668
1753505707243,04:55:07.243,binanceusdm,AAVE/USDT:USDT,,,,,297.67,1020790.3,297051843.018
1753505710466,04:55:10.466,binanceusdm,AAVE/USDT:USDT,,,,,297.67,1020790.4,297051872.785
1753505712089,04:55:12.089,binanceusdm,AAVE/USDT:USDT,,,,,297.7,1020812.1,297058332.442
1753505714003,04:55:14.003,binanceusdm,AAVE/USDT:USDT,,,,,297.71,1020812.8,297058540.833
1753505716385,04:55:16.385,binanceusdm,AAVE/USDT:USDT,,,,,297.7,1020816.6,297059672.093
1753505716818,04:55:16.818,binanceusdm,AAVE/USDT:USDT,,,,,297.7,1020817.6,297059969.793
1753505728261,04:55:28.261,binanceusdm,AAVE/USDT:USDT,,,,,297.69,1020820.6,297060862.863
1753505729481,04:55:29.481,binanceusdm,AAVE/USDT:USDT,,,,,297.73,1020830.8,297063899.408
1753505730463,04:55:30.463,binanceusdm,AAVE/USDT:USDT,,,,,297.74,1020830.9,297063929.182
1753505733686,04:55:33.686,binanceusdm,AAVE/USDT:USDT,,,,,297.74,1020833.6,297064733.07
1753505735954,04:55:35.954,binanceusdm,AAVE/USDT:USDT,,,,,297.78,1020837.0,297065745.418
1753505741185,04:55:41.185,binanceusdm,AAVE/USDT:USDT,,,,,297.78,1020838.9,297066311.2
1753505742758,04:55:42.758,binanceusdm,AAVE/USDT:USDT,,,,,297.77,1020854.2,297070867.23
1753505748896,04:55:48.896,binanceusdm,AAVE/USDT:USDT,,,,,297.77,1020855.0,297071105.446
1753505748990,04:55:48.990,binanceusdm,AAVE/USDT:USDT,,,,,297.79,1020858.8,297072237.007
1753505752852,04:55:52.852,binanceusdm,AAVE/USDT:USDT,,,,,297.79,1020860.8,297072832.581
1753505753132,04:55:53.132,binanceusdm,AAVE/USDT:USDT,,,,,297.8,1020863.5,297073636.615
1753505755447,04:55:55.447,binanceusdm,AAVE/USDT:USDT,,,,,297.81,1020863.6,297073666.396
1753505758366,04:55:58.366,binanceusdm,AAVE/USDT:USDT,,,,,297.81,1020864.4,297073904.644
1753505760765,04:56:00.765,binanceusdm,AAVE/USDT:USDT,,,,,297.82,1020534.7,296979540.736
1753505761793,04:56:01.793,binanceusdm,AAVE/USDT:USDT,,,,,297.82,1020534.8,296979570.518
1753505766336,04:56:06.336,binanceusdm,AAVE/USDT:USDT,,,,,297.83,1020538.4,296980642.706
1753505768101,04:56:08.101,binanceusdm,AAVE/USDT:USDT,,,,,297.83,1020544.8,296982548.818
1753505770011,04:56:10.011,binanceusdm,AAVE/USDT:USDT,,,,,297.84,1020545.0,296982608.386
1753505771729,04:56:11.729,binanceusdm,AAVE/USDT:USDT,,,,,297.88,1020548.7,296983710.456
1753505775071,04:56:15.071,binanceusdm,AAVE/USDT:USDT,,,,,297.88,1020548.8,296983740.244
1753505776148,04:56:16.148,binanceusdm,AAVE/USDT:USDT,,,,,297.88,1020549.1,296983829.608
1753505781758,04:56:21.758,binanceusdm,AAVE/USDT:USDT,,,,,297.88,1020549.2,296983859.396
1753505781987,04:56:21.987,binanceusdm,AAVE/USDT:USDT,,,,,297.87,1020549.3,296983889.183
1753505784949,04:56:24.949,binanceusdm,AAVE/USDT:USDT,,,,,297.86,1020594.6,296997382.632
1753505787758,04:56:27.758,binanceusdm,AAVE/USDT:USDT,,,,,297.81,1020598.7,296998603.727
1753505789650,04:56:29.650,binanceusdm,AAVE/USDT:USDT,,,,,297.78,1020606.5,297000926.526
1753505791984,04:56:31.984,binanceusdm,AAVE/USDT:USDT,,,,,297.79,1020607.0,297001075.421
1753505792865,04:56:32.865,binanceusdm,AAVE/USDT:USDT,,,,,297.78,1020607.8,297001313.65
1753505797726,04:56:37.726,binanceusdm,AAVE/USDT:USDT,,,,,297.78,1020608.2,297001432.762
1753505797726,04:56:37.726,binanceusdm,AAVE/USDT:USDT,,,,,297.78,1020609.8,297001909.21
1753505801022,04:56:41.022,binanceusdm,AAVE/USDT:USDT,,,,,297.79,1020610.1,297001998.547
1753505807219,04:56:47.219,binanceusdm,AAVE/USDT:USDT,,,,,297.79,1020610.2,297002028.326
1753505808695,04:56:48.695,binanceusdm,AAVE/USDT:USDT,,,,,297.78,1020611.2,297002326.106
1753505810017,04:56:50.017,binanceusdm,AAVE/USDT:USDT,,,,,297.82,1020646.7,297012898.323
1753505814343,04:56:54.343,binanceusdm,AAVE/USDT:USDT,,,,,297.81,1020646.8,297012928.104
1753505815637,04:56:55.637,binanceusdm,AAVE/USDT:USDT,,,,,297.79,1020648.4,297013404.56
1753505817035,04:56:57.035,binanceusdm,AAVE/USDT:USDT,,,,,297.77,1020649.4,297013702.333
1753505819356,04:56:59.356,binanceusdm,AAVE/USDT:USDT,,,,,297.75,1020652.6,297014655.162
1753505821616,04:57:01.616,binanceusdm,AAVE/USDT:USDT,,,,,297.76,1020329.1,296922076.716
1753505824025,04:57:04.025,binanceusdm,AAVE/USDT:USDT,,,,,297.76,1020333.5,296923386.86
1753505826758,04:57:06.758,binanceusdm,AAVE/USDT:USDT,,,,,297.75,1020333.6,296923416.635
1753505829755,04:57:09.755,binanceusdm,AAVE/USDT:USDT,,,,,297.74,1020333.7,296923446.409
1753505830855,04:57:10.855,binanceusdm,AAVE/USDT:USDT,,,,,297.68,1020353.3,296929281.932
1753505832758,04:57:12.758,binanceusdm,AAVE/USDT:USDT,,,,,297.69,1020353.6,296929371.239
1753505833840,04:57:13.840,binanceusdm,AAVE/USDT:USDT,,,,,297.68,1020354.0,296929490.311
1753505837101,04:57:17.101,binanceusdm,AAVE/USDT:USDT,,,,,297.69,1020358.4,296930800.106
1753505843469,04:57:23.469,binanceusdm,AAVE/USDT:USDT,,,,,297.69,1020359.1,296931008.489
1753505844472,04:57:24.472,binanceusdm,AAVE/USDT:USDT,,,,,297.69,1020374.8,296935682.221
1753505846323,04:57:26.323,binanceusdm,AAVE/USDT:USDT,,,,,297.66,1020546.8,296986881.045
1753505857343,04:57:37.343,binanceusdm,AAVE/USDT:USDT,,,,,297.67,1020547.4,296987059.647
1753505857383,04:57:37.383,binanceusdm,AAVE/USDT:USDT,,,,,297.66,1020547.9,296987208.477
1753505862339,04:57:42.339,binanceusdm,AAVE/USDT:USDT,,,,,297.66,1020548.0,296987238.243
1753505863649,04:57:43.649,binanceusdm,AAVE/USDT:USDT,,,,,297.67,1020550.9,296988101.464
1753505864378,04:57:44.378,binanceusdm,AAVE/USDT:USDT,,,,,297.67,1020555.9,296989589.814
1753505867759,04:57:47.759,binanceusdm,AAVE/USDT:USDT,,,,,297.67,1020556.5,296989768.416
1753505877605,04:57:57.605,binanceusdm,AAVE/USDT:USDT,,,,,297.66,1020556.6,296989798.182
1753505877645,04:57:57.645,binanceusdm,AAVE/USDT:USDT,,,,,297.66,1020556.7,296989827.948
1753505881575,04:58:01.575,binanceusdm,AAVE/USDT:USDT,,,,,297.66,1019859.3,296790023.862
1753505883404,04:58:03.404,binanceusdm,AAVE/USDT:USDT,,,,,297.75,1019899.7,296802050.73
1753505885758,04:58:05.758,binanceusdm,AAVE/USDT:USDT,,,,,297.75,1019903.9,296803301.28
1753505885758,04:58:05.758,binanceusdm,AAVE/USDT:USDT,,,,,297.74,1019915.7,296806814.669
1753505899216,04:58:19.216,binanceusdm,AAVE/USDT:USDT,,,,,297.74,1019916.8,296807142.183
1753505899217,04:58:19.217,binanceusdm,AAVE/USDT:USDT,,,,,297.75,1019922.0,296808690.432
1753505909571,04:58:29.571,binanceusdm,AAVE/USDT:USDT,,,,,297.75,1019922.6,296808869.082
1753505909905,04:58:29.905,binanceusdm,AAVE/USDT:USDT,,,,,297.75,1020003.1,296832837.148
1753505913201,04:58:33.201,binanceusdm,AAVE/USDT:USDT,,,,,297.78,1020007.5,296834147.296
1753505920476,04:58:40.476,binanceusdm,AAVE/USDT:USDT,,,,,297.78,1020007.6,296834177.074
1753505920758,04:58:40.758,binanceusdm,AAVE/USDT:USDT,,,,,297.85,1020036.3,296842724.795
1753505922759,04:58:42.759,binanceusdm,AAVE/USDT:USDT,,,,,297.85,1020036.9,296842903.505
1753505926320,04:58:46.320,binanceusdm,AAVE/USDT:USDT,,,,,297.85,1020048.2,296846269.21
1753505927898,04:58:47.898,binanceusdm,AAVE/USDT:USDT,,,,,297.85,1020052.3,296847490.395
1753505934770,04:58:54.770,binanceusdm,AAVE/USDT:USDT,,,,,297.87,1020052.4,296847520.182
1753505934971,04:58:54.971,binanceusdm,AAVE/USDT:USDT,,,,,297.88,1020063.8,296850915.902
1753505937544,04:58:57.544,binanceusdm,AAVE/USDT:USDT,,,,,297.9,1020067.7,296852077.683
1753505939707,04:58:59.707,binanceusdm,AAVE/USDT:USDT,,,,,297.9,1020093.8,296859852.873
1753505948500,04:59:08.500,binanceusdm,AAVE/USDT:USDT,,,,,297.9,1019683.6,296742242.184
1753505950420,04:59:10.420,binanceusdm,AAVE/USDT:USDT,,,,,297.91,1020140.8,296878473.592
1753505951125,04:59:11.125,binanceusdm,AAVE/USDT:USDT,,,,,297.91,1020142.7,296879039.63
1753505954483,04:59:14.483,binanceusdm,AAVE/USDT:USDT,,,,,297.91,1020143.9,296879397.123
1753505955761,04:59:15.761,binanceusdm,AAVE/USDT:USDT,,,,,297.88,1020158.5,296883746.222
1753505956758,04:59:16.758,binanceusdm,AAVE/USDT:USDT,,,,,297.88,1020158.7,296883805.798
1753505966175,04:59:26.175,binanceusdm,AAVE/USDT:USDT,,,,,297.9,1020158.8,296883835.588
1753505966175,04:59:26.175,binanceusdm,AAVE/USDT:USDT,,,,,297.9,1020159.4,296884014.328
1753505968496,04:59:28.496,binanceusdm,AAVE/USDT:USDT,,,,,297.9,1020160.1,296884222.858
1753505970424,04:59:30.424,binanceusdm,AAVE/USDT:USDT,,,,,297.88,1020164.8,296885622.907
1753505973963,04:59:33.963,binanceusdm,AAVE/USDT:USDT,,,,,297.91,1020166.8,296886218.675
1753505978582,04:59:38.582,binanceusdm,AAVE/USDT:USDT,,,,,297.92,1020166.9,296886248.467
1753505979623,04:59:39.623,binanceusdm,AAVE/USDT:USDT,,,,,297.93,1020168.2,296886635.772
1753505982151,04:59:42.151,binanceusdm,AAVE/USDT:USDT,,,,,297.94,1020169.8,296887112.469
1753505984489,04:59:44.489,binanceusdm,AAVE/USDT:USDT,,,,,297.88,1020329.6,296934713.021
1753505990164,04:59:50.164,binanceusdm,AAVE/USDT:USDT,,,,,297.87,1020329.8,296934772.595
1753505990681,04:59:50.681,binanceusdm,AAVE/USDT:USDT,,,,,297.86,1020331.4,296935249.18
1753505992760,04:59:52.760,binanceusdm,AAVE/USDT:USDT,,,,,297.86,1020331.8,296935368.324
1753505995361,04:59:55.361,binanceusdm,AAVE/USDT:USDT,,,,,297.81,1020334.8,296936261.803
1753505999043,04:59:59.043,binanceusdm,AAVE/USDT:USDT,,,,,297.83,1020335.5,296936470.284
1753506000758,05:00:00.758,binanceusdm,AAVE/USDT:USDT,,,,,297.87,1019669.6,296745413.588
1753506002690,05:00:02.690,binanceusdm,AAVE/USDT:USDT,,,,,297.88,1019672.6,296746307.228
1753506005046,05:00:05.046,binanceusdm,AAVE/USDT:USDT,,,,,297.9,1019674.7,296746932.8
1753506007044,05:00:07.044,binanceusdm,AAVE/USDT:USDT,,,,,297.89,1019675.9,296747290.27
1753506008581,05:00:08.581,binanceusdm,AAVE/USDT:USDT,,,,,297.91,1019697.2,296753635.609
1753506010772,05:00:10.772,binanceusdm,AAVE/USDT:USDT,,,,,297.95,1019713.6,296758521.37
1753506011551,05:00:11.551,binanceusdm,AAVE/USDT:USDT,,,,,297.95,1019713.7,296758551.165
1753506013985,05:00:13.985,binanceusdm,AAVE/USDT:USDT,,,,,297.94,1019716.6,296759415.191
1753506015758,05:00:15.758,binanceusdm,AAVE/USDT:USDT,,,,,297.92,1019721.2,296760785.623
1753506023713,05:00:23.713,binanceusdm,AAVE/USDT:USDT,,,,,297.87,1019770.6,296775502.656
1753506024385,05:00:24.385,binanceusdm,AAVE/USDT:USDT,,,,,297.87,1019771.9,296775889.887
1753506026600,05:00:26.600,binanceusdm,AAVE/USDT:USDT,,,,,297.9,1019800.1,296784290.027
1753506029333,05:00:29.333,binanceusdm,AAVE/USDT:USDT,,,,,297.9,1019801.7,296784766.667
1753506030158,05:00:30.158,binanceusdm,AAVE/USDT:USDT,,,,,297.91,1019801.8,296784796.458
1753506035496,05:00:35.496,binanceusdm,AAVE/USDT:USDT,,,,,297.9,1019846.8,296798201.958
1753506037443,05:00:37.443,binanceusdm,AAVE/USDT:USDT,,,,,297.84,1019866.7,296804129.761
1753506039025,05:00:39.025,binanceusdm,AAVE/USDT:USDT,,,,,297.86,1019870.6,296805291.39
1753506041141,05:00:41.141,binanceusdm,AAVE/USDT:USDT,,,,,297.85,1019871.6,296805589.24
1753506043502,05:00:43.502,binanceusdm,AAVE/USDT:USDT,,,,,297.85,1019872.6,296805887.097
1753506049075,05:00:49.075,binanceusdm,AAVE/USDT:USDT,,,,,297.85,1019872.8,296805946.667
1753506049075,05:00:49.075,binanceusdm,AAVE/USDT:USDT,,,,,297.85,1019872.9,296805976.452
1753506053093,05:00:53.093,binanceusdm,AAVE/USDT:USDT,,,,,297.85,1019873.0,296806006.237
1753506054972,05:00:54.972,binanceusdm,AAVE/USDT:USDT,,,,,297.82,1019888.4,296810592.854
1753506056511,05:00:56.511,binanceusdm,AAVE/USDT:USDT,,,,,297.82,1019889.1,296810801.328
1753506058735,05:00:58.735,binanceusdm,AAVE/USDT:USDT,,,,,297.82,1019889.2,296810831.11
1753506060976,05:01:00.976,binanceusdm,AAVE/USDT:USDT,,,,,297.76,1019194.0,296611675.886
1753506062280,05:01:02.280,binanceusdm,AAVE/USDT:USDT,,,,,297.72,1019210.7,296616647.87
1753506065029,05:01:05.029,binanceusdm,AAVE/USDT:USDT,,,,,297.7,1019211.4,296616856.265
1753506065928,05:01:05.928,binanceusdm,AAVE/USDT:USDT,,,,,297.7,1019212.1,296617064.655
1753506068604,05:01:08.604,binanceusdm,AAVE/USDT:USDT,,,,,297.71,1019212.5,296617183.739
1753506070867,05:01:10.867,binanceusdm,AAVE/USDT:USDT,,,,,297.7,1019212.9,296617302.82
1753506071467,05:01:11.467,binanceusdm,AAVE/USDT:USDT,,,,,297.7,1019213.2,296617392.13
1753506073142,05:01:13.142,binanceusdm,AAVE/USDT:USDT,,,,,297.7,1019213.4,296617451.67
1753506077041,05:01:17.041,binanceusdm,AAVE/USDT:USDT,,,,,297.7,1019213.6,296617511.21
1753506078514,05:01:18.514,binanceusdm,AAVE/USDT:USDT,,,,,297.68,1019216.6,296618404.254
1753506080856,05:01:20.856,binanceusdm,AAVE/USDT:USDT,,,,,297.68,1019216.8,296618463.79
1753506082514,05:01:22.514,binanceusdm,AAVE/USDT:USDT,,,,,297.65,1019222.6,296620190.166
1753506084594,05:01:24.594,binanceusdm,AAVE/USDT:USDT,,,,,297.65,1019223.1,296620338.99
1753506087141,05:01:27.141,binanceusdm,AAVE/USDT:USDT,,,,,297.67,1019257.1,296630459.096
1753506088603,05:01:28.603,binanceusdm,AAVE/USDT:USDT,,,,,297.68,1019259.4,296631143.76
1753506090644,05:01:30.644,binanceusdm,AAVE/USDT:USDT,,,,,297.69,1019283.4,296638288.317
1753506092990,05:01:32.990,binanceusdm,AAVE/USDT:USDT,,,,,297.68,1019288.3,296639746.984
1753506100402,05:01:40.402,binanceusdm,AAVE/USDT:USDT,,,,,297.66,1019288.4,296639776.75
1753506101555,05:01:41.555,binanceusdm,AAVE/USDT:USDT,,,,,297.67,1019290.5,296640401.846
1753506102774,05:01:42.774,binanceusdm,AAVE/USDT:USDT,,,,,297.67,1019297.9,296642604.611
1753506107694,05:01:47.694,binanceusdm,AAVE/USDT:USDT,,,,,297.68,1019298.0,296642634.379
1753506107694,05:01:47.694,binanceusdm,AAVE/USDT:USDT,,,,,297.69,1019308.9,296645879.16
1753506115106,05:01:55.106,binanceusdm,AAVE/USDT:USDT,,,,,297.68,1019309.1,296645938.696
1753506116179,05:01:56.179,binanceusdm,AAVE/USDT:USDT,,,,,297.69,1019309.3,296645998.234
1753506120957,05:02:00.957,binanceusdm,AAVE/USDT:USDT,,,,,297.69,1018809.2,296502712.065
1753506122902,05:02:02.902,binanceusdm,AAVE/USDT:USDT,,,,,297.72,1018823.1,296506850.044
1753506126758,05:02:06.758,binanceusdm,AAVE/USDT:USDT,,,,,297.7,1018823.2,296506879.814
1753506128679,05:02:08.679,binanceusdm,AAVE/USDT:USDT,,,,,297.69,1018824.0,296507117.966
1753506129492,05:02:09.492,binanceusdm,AAVE/USDT:USDT,,,,,297.7,1018834.0,296510094.963
1753506130914,05:02:10.914,binanceusdm,AAVE/USDT:USDT,,,,,297.69,1018834.3,296510184.27
1753506132968,05:02:12.968,binanceusdm,AAVE/USDT:USDT,,,,,297.7,1018834.4,296510214.04
1753506135904,05:02:15.904,binanceusdm,AAVE/USDT:USDT,,,,,297.69,1018835.0,296510392.657
1753506137211,05:02:17.211,binanceusdm,AAVE/USDT:USDT,,,,,297.7,1018835.3,296510481.967
1753506142042,05:02:22.042,binanceusdm,AAVE/USDT:USDT,,,,,297.69,1018842.7,296512684.873
1753506142962,05:02:22.962,binanceusdm,AAVE/USDT:USDT,,,,,297.68,1018871.3,296521198.768
1753506144542,05:02:24.542,binanceusdm,AAVE/USDT:USDT,,,,,297.67,1018871.4,296521228.535
1753506156825,05:02:36.825,binanceusdm,AAVE/USDT:USDT,,,,,297.67,1018871.8,296521347.603
1753506157300,05:02:37.300,binanceusdm,AAVE/USDT:USDT,,,,,297.66,1018895.7,296528461.852
1753506162831,05:02:42.831,binanceusdm,AAVE/USDT:USDT,,,,,297.65,1018895.8,296528491.617
1753506162831,05:02:42.831,binanceusdm,AAVE/USDT:USDT,,,,,297.65,1018899.2,296529503.627
1753506167839,05:02:47.839,binanceusdm,AAVE/USDT:USDT,,,,,297.66,1018903.6,296530813.331
1753506169447,05:02:49.447,binanceusdm,AAVE/USDT:USDT,,,,,297.65,1018913.2,296533670.771
1753506171759,05:02:51.759,binanceusdm,AAVE/USDT:USDT,,,,,297.66,1018914.5,296534057.718
1753506172760,05:02:52.760,binanceusdm,AAVE/USDT:USDT,,,,,297.66,1018914.9,296534176.782
1753506175995,05:02:55.995,binanceusdm,AAVE/USDT:USDT,,,,,297.65,1018915.4,296534325.607
1753506176915,05:02:56.915,binanceusdm,AAVE/USDT:USDT,,,,,297.64,1018927.8,296538016.394
1753506179556,05:02:59.556,binanceusdm,AAVE/USDT:USDT,,,,,297.66,1018979.9,296553523.832
1753506180060,05:03:00.060,binanceusdm,AAVE/USDT:USDT,,,,,297.67,1017253.4,296058741.836
1753506183695,05:03:03.695,binanceusdm,AAVE/USDT:USDT,,,,,297.67,1017253.9,296058890.671
1753506184679,05:03:04.679,binanceusdm,AAVE/USDT:USDT,,,,,297.67,1017254.7,296059128.807
1753506187308,05:03:07.308,binanceusdm,AAVE/USDT:USDT,,,,,297.67,1017259.4,296060527.856
1753506190607,05:03:10.607,binanceusdm,AAVE/USDT:USDT,,,,,297.67,1017259.5,296060557.623
1753506192030,05:03:12.030,binanceusdm,AAVE/USDT:USDT,,,,,297.7,1017309.9,296075560.535
1753506201021,05:03:21.021,binanceusdm,AAVE/USDT:USDT,,,,,297.7,1017310.2,296075649.845
1753506201028,05:03:21.028,binanceusdm,AAVE/USDT:USDT,,,,,297.7,1017311.7,296076096.395
1753506204496,05:03:24.496,binanceusdm,AAVE/USDT:USDT,,,,,297.71,1017311.8,296076126.166
1753506207985,05:03:27.985,binanceusdm,AAVE/USDT:USDT,,,,,297.7,1017312.1,296076215.476
1753506209923,05:03:29.923,binanceusdm,AAVE/USDT:USDT,,,,,297.7,1017322.3,296079252.04
1753506210280,05:03:30.280,binanceusdm,AAVE/USDT:USDT,,,,,297.71,1017322.4,296079281.811
1753506212780,05:03:32.780,binanceusdm,AAVE/USDT:USDT,,,,,297.71,1017328.1,296080978.758
1753506216404,05:03:36.404,binanceusdm,AAVE/USDT:USDT,,,,,297.71,1017328.3,296081038.3
1753506217759,05:03:37.759,binanceusdm,AAVE/USDT:USDT,,,,,297.71,1017328.8,296081187.155
1753506228784,05:03:48.784,binanceusdm,AAVE/USDT:USDT,,,,,297.7,1017329.1,296081276.465
1753506230664,05:03:50.664,binanceusdm,AAVE/USDT:USDT,,,,,297.71,1017344.7,296085920.619
1753506232015,05:03:52.015,binanceusdm,AAVE/USDT:USDT,,,,,297.65,1017356.2,296089343.788
1753506237216,05:03:57.216,binanceusdm,AAVE/USDT:USDT,,,,,297.65,1017356.5,296089433.083
1753506237216,05:03:57.216,binanceusdm,AAVE/USDT:USDT,,,,,297.65,1017356.7,296089492.613
1753506240249,05:04:00.249,binanceusdm,AAVE/USDT:USDT,,,,,297.64,1016951.3,295973162.978
1753506242996,05:04:02.996,binanceusdm,AAVE/USDT:USDT,,,,,297.64,1016952.3,295973460.618
1753506248370,05:04:08.370,binanceusdm,AAVE/USDT:USDT,,,,,297.64,1016952.4,295973490.382
1753506250273,05:04:10.273,binanceusdm,AAVE/USDT:USDT,,,,,297.64,1016955.4,295974383.302
1753506251684,05:04:11.684,binanceusdm,AAVE/USDT:USDT,,,,,297.65,1016955.5,295974413.067
1753506254340,05:04:14.340,binanceusdm,AAVE/USDT:USDT,,,,,297.69,1016981.2,295982062.684
1753506254758,05:04:14.758,binanceusdm,AAVE/USDT:USDT,,,,,297.69,1016988.7,295984295.359
1753506256758,05:04:16.758,binanceusdm,AAVE/USDT:USDT,,,,,297.7,1016988.9,295984354.899
1753506259641,05:04:19.641,binanceusdm,AAVE/USDT:USDT,,,,,297.74,1017021.9,295994179.255
1753506266070,05:04:26.070,binanceusdm,AAVE/USDT:USDT,,,,,297.74,1017027.1,295995727.503
1753506267811,05:04:27.811,binanceusdm,AAVE/USDT:USDT,,,,,297.74,1017027.4,295995816.825
1753506269887,05:04:29.887,binanceusdm,AAVE/USDT:USDT,,,,,297.74,1017033.8,295997722.361
1753506270682,05:04:30.682,binanceusdm,AAVE/USDT:USDT,,,,,297.71,1017041.7,296000074.278
1753506276740,05:04:36.740,binanceusdm,AAVE/USDT:USDT,,,,,297.74,1017042.1,296000193.374
1753506277758,05:04:37.758,binanceusdm,AAVE/USDT:USDT,,,,,297.75,1017042.9,296000431.574
1753506286960,05:04:46.960,binanceusdm,AAVE/USDT:USDT,,,,,297.74,1017043.3,296000550.67
1753506288659,05:04:48.659,binanceusdm,AAVE/USDT:USDT,,,,,297.74,1017047.0,296001652.309
1753506291162,05:04:51.162,binanceusdm,AAVE/USDT:USDT,,,,,297.74,1017047.1,296001682.083
1753506296940,05:04:56.940,binanceusdm,AAVE/USDT:USDT,,,,,297.73,1017047.5,296001801.175
1753506297484,05:04:57.484,binanceusdm,AAVE/USDT:USDT,,,,,297.73,1017047.7,296001860.721
1753506300926,05:05:00.926,binanceusdm,AAVE/USDT:USDT,,,,,297.75,1016792.1,295928568.626
1753506302071,05:05:02.071,binanceusdm,AAVE/USDT:USDT,,,,,297.76,1016793.2,295928896.162
1753506304550,05:05:04.550,binanceusdm,AAVE/USDT:USDT,,,,,297.76,1016793.7,295929045.042
1753506306191,05:05:06.191,binanceusdm,AAVE/USDT:USDT,,,,,297.77,1016793.9,295929104.596
1753506309721,05:05:09.721,binanceusdm,AAVE/USDT:USDT,,,,,297.76,1016794.0,295929134.372
1753506311017,05:05:11.017,binanceusdm,AAVE/USDT:USDT,,,,,297.77,1016810.8,295934136.892
1753506313296,05:05:13.296,binanceusdm,AAVE/USDT:USDT,,,,,297.8,1016818.7,295936489.304
1753506315354,05:05:15.354,binanceusdm,AAVE/USDT:USDT,,,,,297.83,1016826.5,295938812.246
1753506317164,05:05:17.164,binanceusdm,AAVE/USDT:USDT,,,,,297.9,1016829.3,295939646.245
1753506318884,05:05:18.884,binanceusdm,AAVE/USDT:USDT,,,,,297.94,1016829.7,295939765.419
1753506324260,05:05:24.260,binanceusdm,AAVE/USDT:USDT,,,,,297.95,1016829.8,295939795.214
1753506325070,05:05:25.070,binanceusdm,AAVE/USDT:USDT,,,,,297.96,1016834.4,295941165.856
1753506327275,05:05:27.275,binanceusdm,AAVE/USDT:USDT,,,,,297.96,1016835.7,295941553.204
1753506331551,05:05:31.551,binanceusdm,AAVE/USDT:USDT,,,,,297.96,1016837.3,295942029.94
1753506332896,05:05:32.896,binanceusdm,AAVE/USDT:USDT,,,,,297.95,1016837.4,295942059.735
1753506336253,05:05:36.253,binanceusdm,AAVE/USDT:USDT,,,,,297.96,1016837.5,295942089.531
1753506337407,05:05:37.407,binanceusdm,AAVE/USDT:USDT,,,,,297.96,1016837.7,295942149.123
1753506346758,05:05:46.758,binanceusdm,AAVE/USDT:USDT,,,,,297.96,1016837.8,295942178.919
1753506347636,05:05:47.636,binanceusdm,AAVE/USDT:USDT,,,,,297.96,1016842.9,295943698.515
1753506350447,05:05:50.447,binanceusdm,AAVE/USDT:USDT,,,,,297.98,1016843.9,295943996.477
1753506352648,05:05:52.648,binanceusdm,AAVE/USDT:USDT,,,,,297.81,1016893.8,295958862.582
1753506357265,05:05:57.265,binanceusdm,AAVE/USDT:USDT,,,,,297.8,1016893.9,295958892.362
1753506357265,05:05:57.265,binanceusdm,AAVE/USDT:USDT,,,,,297.8,1016897.3,295959904.882
1753506360051,05:06:00.051,binanceusdm,AAVE/USDT:USDT,,,,,297.79,1016610.3,295877570.768
1753506362926,05:06:02.926,binanceusdm,AAVE/USDT:USDT,,,,,297.76,1016615.8,295879208.548
1753506363329,05:06:03.329,binanceusdm,AAVE/USDT:USDT,,,,,297.72,1016671.5,295895792.693
1753506366565,05:06:06.565,binanceusdm,AAVE/USDT:USDT,,,,,297.71,1016673.3,295896328.571
1753506368208,05:06:08.208,binanceusdm,AAVE/USDT:USDT,,,,,297.69,1016675.0,295896834.666
1753506370885,05:06:10.885,binanceusdm,AAVE/USDT:USDT,,,,,297.63,1016686.4,295900227.897
1753506371440,05:06:11.440,binanceusdm,AAVE/USDT:USDT,,,,,297.63,1016686.5,295900257.66
1753506374992,05:06:14.992,binanceusdm,AAVE/USDT:USDT,,,,,297.62,1016806.6,295936004.139
1753506381228,05:06:21.228,binanceusdm,AAVE/USDT:USDT,,,,,297.64,1016806.7,295936033.903
1753506381228,05:06:21.228,binanceusdm,AAVE/USDT:USDT,,,,,297.64,1016807.3,295936212.487
1753506386758,05:06:26.758,binanceusdm,AAVE/USDT:USDT,,,,,297.65,1016807.4,295936242.252
1753506387910,05:06:27.910,binanceusdm,AAVE/USDT:USDT,,,,,297.6,1016858.8,295951539.908
1753506389246,05:06:29.246,binanceusdm,AAVE/USDT:USDT,,,,,297.61,1016859.0,295951599.43
1753506392430,05:06:32.430,binanceusdm,AAVE/USDT:USDT,,,,,297.62,1016859.3,295951688.717
1753506393753,05:06:33.753,binanceusdm,AAVE/USDT:USDT,,,,,297.62,1016859.4,295951718.479
1753506400504,05:06:40.504,binanceusdm,AAVE/USDT:USDT,,,,,297.63,1016859.5,295951748.242
1753506402341,05:06:42.341,binanceusdm,AAVE/USDT:USDT,,,,,297.7,1016878.0,295957254.531
1753506402638,05:06:42.638,binanceusdm,AAVE/USDT:USDT,,,,,297.71,1016878.9,295957522.47
1753506405674,05:06:45.674,binanceusdm,AAVE/USDT:USDT,,,,,297.75,1016880.2,295957909.511
1753506408066,05:06:48.066,binanceusdm,AAVE/USDT:USDT,,,,,297.74,1016880.3,295957939.285
1753506410336,05:06:50.336,binanceusdm,AAVE/USDT:USDT,,,,,297.7,1016898.3,295963298.574
1753506412022,05:06:52.022,binanceusdm,AAVE/USDT:USDT,,,,,297.7,1016898.6,295963387.884
1753506414359,05:06:54.359,binanceusdm,AAVE/USDT:USDT,,,,,297.7,1016899.3,295963596.274
1753506416391,05:06:56.391,binanceusdm,AAVE/USDT:USDT,,,,,297.62,1016921.5,295970204.055
1753506418435,05:06:58.435,binanceusdm,AAVE/USDT:USDT,,,,,297.59,1016933.8,295973864.515
1753506420226,05:07:00.226,binanceusdm,AAVE/USDT:USDT,,,,,297.57,1016634.6,295888199.906
1753506425652,05:07:05.652,binanceusdm,AAVE/USDT:USDT,,,,,297.57,1016634.7,295888229.663
1753506426738,05:07:06.738,binanceusdm,AAVE/USDT:USDT,,,,,297.57,1016635.6,295888497.476
1753506429368,05:07:09.368,binanceusdm,AAVE/USDT:USDT,,,,,297.57,1016692.5,295905429.209
1753506431447,05:07:11.447,binanceusdm,AAVE/USDT:USDT,,,,,297.57,1016715.5,295912272.86
1753506432360,05:07:12.360,binanceusdm,AAVE/USDT:USDT,,,,,297.56,1016719.0,295913314.32
1753506435455,05:07:15.455,binanceusdm,AAVE/USDT:USDT,,,,,297.56,1016755.7,295924234.803
1753506437246,05:07:17.246,binanceusdm,AAVE/USDT:USDT,,,,,297.6,1016763.2,295926466.655
1753506439490,05:07:19.490,binanceusdm,AAVE/USDT:USDT,,,,,297.61,1016763.8,295926645.221
1753506442821,05:07:22.821,binanceusdm,AAVE/USDT:USDT,,,,,297.61,1016766.4,295927419.007
1753506444717,05:07:24.717,binanceusdm,AAVE/USDT:USDT,,,,,297.62,1016790.2,295934502.139
1753506446670,05:07:26.670,binanceusdm,AAVE/USDT:USDT,,,,,297.61,1016790.3,295934531.9
1753506448636,05:07:28.636,binanceusdm,AAVE/USDT:USDT,,,,,297.61,1016799.9,295937388.956
1753506452124,05:07:32.124,binanceusdm,AAVE/USDT:USDT,,,,,297.61,1016800.7,295937627.044
1753506453149,05:07:33.149,binanceusdm,AAVE/USDT:USDT,,,,,297.6,1016803.4,295938430.576
1753506465767,05:07:45.767,binanceusdm,AAVE/USDT:USDT,,,,,297.61,1016803.5,295938460.337
1753506467796,05:07:47.796,binanceusdm,AAVE/USDT:USDT,,,,,297.6,1016804.3,295938698.417
1753506468617,05:07:48.617,binanceusdm,AAVE/USDT:USDT,,,,,297.61,1016810.4,295940513.781
1753506471758,05:07:51.758,binanceusdm,AAVE/USDT:USDT,,,,,297.61,1016810.6,295940573.303
1753506473614,05:07:53.614,binanceusdm,AAVE/USDT:USDT,,,,,297.6,1016811.0,295940692.343
1753506477758,05:07:57.758,binanceusdm,AAVE/USDT:USDT,,,,,297.61,1016811.5,295940841.148
1753506478006,05:07:58.006,binanceusdm,AAVE/USDT:USDT,,,,,297.6,1016811.6,295940870.908
1753506480061,05:08:00.061,binanceusdm,AAVE/USDT:USDT,,,,,297.6,1016029.7,295716811.518
1753506482303,05:08:02.303,binanceusdm,AAVE/USDT:USDT,,,,,297.59,1016061.3,295726215.677
1753506485124,05:08:05.124,binanceusdm,AAVE/USDT:USDT,,,,,297.64,1016118.6,295743268.777
1753506489715,05:08:09.715,binanceusdm,AAVE/USDT:USDT,,,,,297.65,1016118.7,295743298.542
1753506491450,05:08:11.450,binanceusdm,AAVE/USDT:USDT,,,,,297.64,1016134.2,295747911.966
1753506495301,05:08:15.301,binanceusdm,AAVE/USDT:USDT,,,,,297.63,1016134.5,295748001.255
1753506495315,05:08:15.315,binanceusdm,AAVE/USDT:USDT,,,,,297.62,1016141.2,295749995.374
1753506505068,05:08:25.068,binanceusdm,AAVE/USDT:USDT,,,,,297.61,1016141.3,295750025.135
1753506506596,05:08:26.596,binanceusdm,AAVE/USDT:USDT,,,,,297.62,1016143.7,295750739.423
1753506513611,05:08:33.611,binanceusdm,AAVE/USDT:USDT,,,,,297.62,1016143.8,295750769.185
1753506522582,05:08:42.582,binanceusdm,AAVE/USDT:USDT,,,,,297.62,1016144.7,295751037.043
1753506523400,05:08:43.400,binanceusdm,AAVE/USDT:USDT,,,,,297.61,1016144.9,295751096.565
1753506527839,05:08:47.839,binanceusdm,AAVE/USDT:USDT,,,,,297.62,1016145.0,295751126.327
1753506530524,05:08:50.524,binanceusdm,AAVE/USDT:USDT,,,,,297.61,1016145.5,295751275.132
1753506531191,05:08:51.191,binanceusdm,AAVE/USDT:USDT,,,,,297.61,1016150.4,295752733.421
1753506532636,05:08:52.636,binanceusdm,AAVE/USDT:USDT,,,,,297.61,1016151.4,295753031.031
1753506535033,05:08:55.033,binanceusdm,AAVE/USDT:USDT,,,,,297.61,1016152.4,295753328.641
1753506537851,05:08:57.851,binanceusdm,AAVE/USDT:USDT,,,,,297.56,1016183.8,295762673.18
1753506540071,05:09:00.071,binanceusdm,AAVE/USDT:USDT,,,,,297.52,1015714.0,295628482.433
1753506541393,05:09:01.393,binanceusdm,AAVE/USDT:USDT,,,,,297.51,1015720.5,295630416.307
1753506545689,05:09:05.689,binanceusdm,AAVE/USDT:USDT,,,,,297.5,1015725.8,295631993.057
1753506546346,05:09:06.346,binanceusdm,AAVE/USDT:USDT,,,,,297.42,1015810.1,295657068.642
1753506551671,05:09:11.671,binanceusdm,AAVE/USDT:USDT,,,,,297.43,1015815.0,295658526.049
1753506551978,05:09:11.978,binanceusdm,AAVE/USDT:USDT,,,,,297.45,1015846.9,295668014.202
1753506555618,05:09:15.618,binanceusdm,AAVE/USDT:USDT,,,,,297.44,1015847.9,295668311.642
1753506557829,05:09:17.829,binanceusdm,AAVE/USDT:USDT,,,,,297.45,1015848.0,295668341.387
1753506557829,05:09:17.829,binanceusdm,AAVE/USDT:USDT,,,,,297.45,1015861.6,295672386.707
1753506561758,05:09:21.758,binanceusdm,AAVE/USDT:USDT,,,,,297.47,1015868.7,295674498.675
1753506567530,05:09:27.530,binanceusdm,AAVE/USDT:USDT,,,,,297.48,1015868.8,295674528.423
1753506567653,05:09:27.653,binanceusdm,AAVE/USDT:USDT,,,,,297.5,1015869.9,295674855.657
1753506576314,05:09:36.314,binanceusdm,AAVE/USDT:USDT,,,,,297.51,1015870.0,295674885.408
1753506576940,05:09:36.940,binanceusdm,AAVE/USDT:USDT,,,,,297.52,1015871.5,295675331.684
1753506582272,05:09:42.272,binanceusdm,AAVE/USDT:USDT,,,,,297.52,1015871.7,295675391.188
1753506584071,05:09:44.071,binanceusdm,AAVE/USDT:USDT,,,,,297.52,1015881.8,295678396.14
1753506591608,05:09:51.608,binanceusdm,AAVE/USDT:USDT,,,,,297.52,1015882.0,295678455.644
1753506592759,05:09:52.759,binanceusdm,AAVE/USDT:USDT,,,,,297.53,1015882.5,295678604.409
1753506600081,05:10:00.081,binanceusdm,AAVE/USDT:USDT,,,,,297.52,1013233.0,294921041.488
1753506602198,05:10:02.198,binanceusdm,AAVE/USDT:USDT,,,,,297.53,1013233.1,294921071.241
1753506602198,05:10:02.198,binanceusdm,AAVE/USDT:USDT,,,,,297.53,1013234.8,294921577.042
1753506606477,05:10:06.477,binanceusdm,AAVE/USDT:USDT,,,,,297.52,1013234.9,294921606.794
1753506606773,05:10:06.773,binanceusdm,AAVE/USDT:USDT,,,,,297.52,1013235.0,294921636.546
1753506610351,05:10:10.351,binanceusdm,AAVE/USDT:USDT,,,,,297.52,1013235.2,294921696.05
1753506612078,05:10:12.078,binanceusdm,AAVE/USDT:USDT,,,,,297.53,1013235.5,294921785.309
1753506614397,05:10:14.397,binanceusdm,AAVE/USDT:USDT,,,,,297.52,1013236.5,294922082.829
1753506618948,05:10:18.948,binanceusdm,AAVE/USDT:USDT,,,,,297.52,1013236.7,294922142.333
1753506619880,05:10:19.880,binanceusdm,AAVE/USDT:USDT,,,,,297.52,1013237.2,294922291.093
1753506621960,05:10:21.960,binanceusdm,AAVE/USDT:USDT,,,,,297.52,1013263.8,294930205.125
1753506627436,05:10:27.436,binanceusdm,AAVE/USDT:USDT,,,,,297.53,1013264.1,294930294.384
1753506628509,05:10:28.509,binanceusdm,AAVE/USDT:USDT,,,,,297.44,1013305.7,294942670.66
1753506631403,05:10:31.403,binanceusdm,AAVE/USDT:USDT,,,,,297.39,1013314.1,294945168.919
1753506633138,05:10:33.138,binanceusdm,AAVE/USDT:USDT,,,,,297.36,1013329.1,294949629.733
1753506636277,05:10:36.277,binanceusdm,AAVE/USDT:USDT,,,,,297.36,1013329.6,294949778.413
1753506637004,05:10:37.004,binanceusdm,AAVE/USDT:USDT,,,,,297.33,1013339.8,294952811.295
1753506638607,05:10:38.607,binanceusdm,AAVE/USDT:USDT,,,,,297.3,1013341.9,294953435.658
1753506642018,05:10:42.018,binanceusdm,AAVE/USDT:USDT,,,,,297.34,1013373.3,294962771.308
1753506644017,05:10:44.017,binanceusdm,AAVE/USDT:USDT,,,,,297.35,1013373.8,294962919.983
1753506646758,05:10:46.758,binanceusdm,AAVE/USDT:USDT,,,,,297.36,1013373.9,294962949.719
1753506647759,05:10:47.759,binanceusdm,AAVE/USDT:USDT,,,,,297.36,1013374.6,294963157.871
1753506650393,05:10:50.393,binanceusdm,AAVE/USDT:USDT,,,,,297.36,1013379.2,294964525.721
1753506652528,05:10:52.528,binanceusdm,AAVE/USDT:USDT,,,,,297.41,1013380.0,294964763.637
1753506654837,05:10:54.837,binanceusdm,AAVE/USDT:USDT,,,,,297.41,1013381.8,294965298.975
1753506654907,05:10:54.907,binanceusdm,AAVE/USDT:USDT,,,,,297.41,1013399.2,294970473.909
1753506657310,05:10:57.310,binanceusdm,AAVE/USDT:USDT,,,,,297.41,1013399.6,294970592.873
1753506660699,05:11:00.699,binanceusdm,AAVE/USDT:USDT,,,,,297.41,1012936.3,294838123.759
1753506662789,05:11:02.789,binanceusdm,AAVE/USDT:USDT,,,,,297.41,1012936.6,294838212.982
1753506664527,05:11:04.527,binanceusdm,AAVE/USDT:USDT,,,,,297.42,1012936.7,294838242.724
1753506666477,05:11:06.477,binanceusdm,AAVE/USDT:USDT,,,,,297.41,1012955.6,294843863.774
1753506668788,05:11:08.788,binanceusdm,AAVE/USDT:USDT,,,,,297.38,1012964.3,294846451.144
1753506670817,05:11:10.817,binanceusdm,AAVE/USDT:USDT,,,,,297.36,1012964.8,294846599.825
1753506671431,05:11:11.431,binanceusdm,AAVE/USDT:USDT,,,,,297.36,1012964.9,294846629.561
1753506674414,05:11:14.414,binanceusdm,AAVE/USDT:USDT,,,,,297.38,1012986.9,294853171.483
1753506677081,05:11:17.081,binanceusdm,AAVE/USDT:USDT,,,,,297.38,1012987.6,294853379.649
1753506678717,05:11:18.717,binanceusdm,AAVE/USDT:USDT,,,,,297.38,1012988.3,294853587.815
1753506682846,05:11:22.846,binanceusdm,AAVE/USDT:USDT,,,,,297.39,1012988.4,294853617.554
1753506683346,05:11:23.346,binanceusdm,AAVE/USDT:USDT,,,,,297.41,1012989.1,294853825.732
1753506686340,05:11:26.340,binanceusdm,AAVE/USDT:USDT,,,,,297.42,1013009.5,294859893.01
1753506686989,05:11:26.989,binanceusdm,AAVE/USDT:USDT,,,,,297.46,1013014.6,294861409.941
1753506689775,05:11:29.775,binanceusdm,AAVE/USDT:USDT,,,,,297.46,1013021.3,294863402.923
1753506692564,05:11:32.564,binanceusdm,AAVE/USDT:USDT,,,,,297.47,1013023.8,294864146.598
1753506699623,05:11:39.623,binanceusdm,AAVE/USDT:USDT,,,,,297.47,1013030.6,294866169.394
1753506701575,05:11:41.575,binanceusdm,AAVE/USDT:USDT,,,,,297.53,1013081.4,294881281.673
1753506702656,05:11:42.656,binanceusdm,AAVE/USDT:USDT,,,,,297.56,1013101.4,294887232.781
1753506704773,05:11:44.773,binanceusdm,AAVE/USDT:USDT,,,,,297.6,1013104.2,294888066.03
1753506708141,05:11:48.141,binanceusdm,AAVE/USDT:USDT,,,,,297.6,1013104.3,294888095.79
1753506709436,05:11:49.436,binanceusdm,AAVE/USDT:USDT,,,,,297.6,1013111.0,294890089.71
1753506715570,05:11:55.570,binanceusdm,AAVE/USDT:USDT,,,,,297.61,1013111.1,294890119.471
1753506716759,05:11:56.759,binanceusdm,AAVE/USDT:USDT,,,,,297.73,1013166.0,294906461.106
1753506717760,05:11:57.760,binanceusdm,AAVE/USDT:USDT,,,,,297.74,1013166.5,294906609.976
1753506720051,05:12:00.051,binanceusdm,AAVE/USDT:USDT,,,,,297.74,1012796.4,294800696.561
1753506724863,05:12:04.863,binanceusdm,AAVE/USDT:USDT,,,,,297.75,1012796.5,294800726.336
1753506726152,05:12:06.152,binanceusdm,AAVE/USDT:USDT,,,,,297.67,1012870.9,294822876.203
1753506728082,05:12:08.082,binanceusdm,AAVE/USDT:USDT,,,,,297.68,1012872.2,294823263.187
1753506729740,05:12:09.740,binanceusdm,AAVE/USDT:USDT,,,,,297.67,1012878.7,294825198.042
1753506731770,05:12:11.770,binanceusdm,AAVE/USDT:USDT,,,,,297.65,1012880.1,294825614.764
1753506734577,05:12:14.577,binanceusdm,AAVE/USDT:USDT,,,,,297.59,1012904.6,294832906.174
1753506737302,05:12:17.302,binanceusdm,AAVE/USDT:USDT,,,,,297.58,1012904.7,294832935.932
1753506739191,05:12:19.191,binanceusdm,AAVE/USDT:USDT,,,,,297.56,1012914.4,294835822.374
1753506741025,05:12:21.025,binanceusdm,AAVE/USDT:USDT,,,,,297.54,1012916.2,294836357.961
1753506745449,05:12:25.449,binanceusdm,AAVE/USDT:USDT,,,,,297.52,1012916.3,294836387.713
1753506745449,05:12:25.449,binanceusdm,AAVE/USDT:USDT,,,,,297.52,1012916.4,294836417.465
1753506748951,05:12:28.951,binanceusdm,AAVE/USDT:USDT,,,,,297.53,1012917.1,294836625.736
1753506749717,05:12:29.717,binanceusdm,AAVE/USDT:USDT,,,,,297.56,1012946.3,294845313.741
1753506752059,05:12:32.059,binanceusdm,AAVE/USDT:USDT,,,,,297.56,1012946.4,294845343.497
1753506753877,05:12:33.877,binanceusdm,AAVE/USDT:USDT,,,,,297.57,1012946.5,294845373.254
1753506755968,05:12:35.968,binanceusdm,AAVE/USDT:USDT,,,,,297.61,1012952.1,294847039.7
1753506759651,05:12:39.651,binanceusdm,AAVE/USDT:USDT,,,,,297.62,1012952.3,294847099.224
1753506761391,05:12:41.391,binanceusdm,AAVE/USDT:USDT,,,,,297.66,1012960.6,294849569.626
1753506763805,05:12:43.805,binanceusdm,AAVE/USDT:USDT,,,,,297.66,1012964.2,294850641.202
1753506763805,05:12:43.805,binanceusdm,AAVE/USDT:USDT,,,,,297.62,1013056.5,294878113.0
1753506776021,05:12:56.021,binanceusdm,AAVE/USDT:USDT,,,,,297.65,1013056.6,294878142.765
1753506777759,05:12:57.759,binanceusdm,AAVE/USDT:USDT,,,,,297.65,1013057.4,294878380.885
1753506780030,05:13:00.030,binanceusdm,AAVE/USDT:USDT,,,,,297.64,1010673.8,294196822.43
1753506781544,05:13:01.544,binanceusdm,AAVE/USDT:USDT,,,,,297.63,1010691.2,294202001.362
1753506783256,05:13:03.256,binanceusdm,AAVE/USDT:USDT,,,,,297.62,1010692.2,294202298.982
1753506791458,05:13:11.458,binanceusdm,AAVE/USDT:USDT,,,,,297.63,1010692.3,294202328.745
1753506794238,05:13:14.238,binanceusdm,AAVE/USDT:USDT,,,,,297.63,1010694.6,294203013.294
1753506796053,05:13:16.053,binanceusdm,AAVE/USDT:USDT,,,,,297.74,1010744.1,294217747.592
1753506798148,05:13:18.148,binanceusdm,AAVE/USDT:USDT,,,,,297.75,1010744.2,294217777.367
1753506809422,05:13:29.422,binanceusdm,AAVE/USDT:USDT,,,,,297.74,1010744.4,294217836.915
1753506810638,05:13:30.638,binanceusdm,AAVE/USDT:USDT,,,,,297.76,1010753.0,294220397.639
1753506813244,05:13:33.244,binanceusdm,AAVE/USDT:USDT,,,,,297.79,1010759.4,294222303.416
1753506815094,05:13:35.094,binanceusdm,AAVE/USDT:USDT,,,,,297.79,1010761.0,294222779.88
1753506821758,05:13:41.758,binanceusdm,AAVE/USDT:USDT,,,,,297.8,1010761.1,294222809.66
1753506822901,05:13:42.901,binanceusdm,AAVE/USDT:USDT,,,,,297.88,1010770.9,294225728.564
1753506827789,05:13:47.789,binanceusdm,AAVE/USDT:USDT,,,,,297.89,1010771.0,294225758.353
1753506828973,05:13:48.973,binanceusdm,AAVE/USDT:USDT,,,,,297.9,1010771.2,294225817.933
1753506831269,05:13:51.269,binanceusdm,AAVE/USDT:USDT,,,,,297.9,1010772.2,294226115.833
1753506833239,05:13:53.239,binanceusdm,AAVE/USDT:USDT,,,,,297.91,1010772.6,294226234.997
1753506835466,05:13:55.466,binanceusdm,AAVE/USDT:USDT,,,,,297.91,1010772.7,294226264.788
1753506837849,05:13:57.849,binanceusdm,AAVE/USDT:USDT,,,,,297.91,1010772.8,294226294.579
1753506840065,05:14:00.065,binanceusdm,AAVE/USDT:USDT,,,,,297.9,1008699.5,293633718.698
1753506841026,05:14:01.026,binanceusdm,AAVE/USDT:USDT,,,,,297.87,1008741.4,293646200.429
1753506842758,05:14:02.758,binanceusdm,AAVE/USDT:USDT,,,,,297.87,1008741.8,293646319.577
1753506846005,05:14:06.005,binanceusdm,AAVE/USDT:USDT,,,,,297.84,1008745.9,293647540.782
1753506846589,05:14:06.589,binanceusdm,AAVE/USDT:USDT,,,,,297.85,1008746.4,293647689.703
1753506848635,05:14:08.635,binanceusdm,AAVE/USDT:USDT,,,,,297.82,1008750.8,293649000.191
1753506852601,05:14:12.601,binanceusdm,AAVE/USDT:USDT,,,,,297.82,1008754.4,293650072.343
1753506852969,05:14:12.969,binanceusdm,AAVE/USDT:USDT,,,,,297.82,1008757.5,293650995.585
1753506855929,05:14:15.929,binanceusdm,AAVE/USDT:USDT,,,,,297.82,1008758.4,293651263.622
1753506857386,05:14:17.386,binanceusdm,AAVE/USDT:USDT,,,,,297.81,1008758.8,293651382.746
1753506860874,05:14:20.874,binanceusdm,AAVE/USDT:USDT,,,,,297.82,1008759.9,293651710.348
1753506861758,05:14:21.758,binanceusdm,AAVE/USDT:USDT,,,,,297.93,1008799.9,293663624.806
1753506867027,05:14:27.027,binanceusdm,AAVE/USDT:USDT,,,,,297.92,1008800.1,293663684.39
1753506870546,05:14:30.546,binanceusdm,AAVE/USDT:USDT,,,,,297.92,1008806.3,293665531.494
1753506870546,05:14:30.546,binanceusdm,AAVE/USDT:USDT,,,,,297.89,1008813.5,293667676.356
1753506873880,05:14:33.880,binanceusdm,AAVE/USDT:USDT,,,,,297.88,1008813.6,293667706.144
1753506876752,05:14:36.752,binanceusdm,AAVE/USDT:USDT,,,,,297.88,1008813.7,293667735.932
1753506876760,05:14:36.760,binanceusdm,AAVE/USDT:USDT,,,,,297.86,1008830.5,293672740.206
1753506879593,05:14:39.593,binanceusdm,AAVE/USDT:USDT,,,,,297.85,1008833.2,293673544.401
1753506882456,05:14:42.456,binanceusdm,AAVE/USDT:USDT,,,,,297.95,1008858.0,293680932.347
1753506883916,05:14:43.916,binanceusdm,AAVE/USDT:USDT,,,,,298.01,1008880.3,293687577.323
1753506885243,05:14:45.243,binanceusdm,AAVE/USDT:USDT,,,,,298.02,1008883.9,293688650.195
1753506888233,05:14:48.233,binanceusdm,AAVE/USDT:USDT,,,,,298.05,1008892.7,293691272.883
1753506888910,05:14:48.910,binanceusdm,AAVE/USDT:USDT,,,,,298.09,1008897.7,293692763.235
1753506892146,05:14:52.146,binanceusdm,AAVE/USDT:USDT,,,,,298.1,1008897.8,293692793.045
1753506895777,05:14:55.777,binanceusdm,AAVE/USDT:USDT,,,,,298.1,1008897.9,293692822.855
1753506896720,05:14:56.720,binanceusdm,AAVE/USDT:USDT,,,,,298.09,1008901.5,293693895.979
1753506900021,05:15:00.021,binanceusdm,AAVE/USDT:USDT,,,,,298.09,1007978.2,293430398.803
1753506901961,05:15:01.961,binanceusdm,AAVE/USDT:USDT,,,,,298.07,1007990.5,293434065.295
1753506902847,05:15:02.847,binanceusdm,AAVE/USDT:USDT,,,,,298.07,1007992.1,293434542.207
1753506905293,05:15:05.293,binanceusdm,AAVE/USDT:USDT,,,,,298.22,1008030.1,293445872.356
1753506907269,05:15:07.269,binanceusdm,AAVE/USDT:USDT,,,,,298.22,1008030.2,293445902.178
1753506910026,05:15:10.026,binanceusdm,AAVE/USDT:USDT,,,,,298.22,1008030.6,293446021.466
1753506911016,05:15:11.016,binanceusdm,AAVE/USDT:USDT,,,,,298.25,1008052.2,293452463.09
1753506913020,05:15:13.020,binanceusdm,AAVE/USDT:USDT,,,,,298.26,1008054.0,293452999.958
1753506915060,05:15:15.060,binanceusdm,AAVE/USDT:USDT,,,,,298.27,1008054.2,293453059.612
1753506917701,05:15:17.701,binanceusdm,AAVE/USDT:USDT,,,,,298.27,1008054.7,293453208.745
1753506919978,05:15:19.978,binanceusdm,AAVE/USDT:USDT,,,,,298.27,1008056.0,293453596.496
1753506921379,05:15:21.379,binanceusdm,AAVE/USDT:USDT,,,,,298.26,1008056.2,293453656.148
1753506923996,05:15:23.996,binanceusdm,AAVE/USDT:USDT,,,,,298.27,1008058.6,293454371.983
1753506925213,05:15:25.213,binanceusdm,AAVE/USDT:USDT,,,,,298.27,1008059.8,293454729.907
1753506929917,05:15:29.917,binanceusdm,AAVE/USDT:USDT,,,,,298.27,1008059.9,293454759.734
1753506931605,05:15:31.605,binanceusdm,AAVE/USDT:USDT,,,,,298.27,1008063.7,293455893.16
1753506934833,05:15:34.833,binanceusdm,AAVE/USDT:USDT,,,,,298.28,1008063.8,293455922.988
1753506935001,05:15:35.001,binanceusdm,AAVE/USDT:USDT,,,,,298.28,1008063.9,293455952.816
1753506938186,05:15:38.186,binanceusdm,AAVE/USDT:USDT,,,,,298.27,1008068.9,293457444.166
1753506939808,05:15:39.808,binanceusdm,AAVE/USDT:USDT,,,,,298.28,1008069.1,293457503.822
1753506943321,05:15:43.321,binanceusdm,AAVE/USDT:USDT,,,,,298.28,1008069.2,293457533.65
1753506945020,05:15:45.020,binanceusdm,AAVE/USDT:USDT,,,,,298.29,1008076.8,293459800.579
1753506946776,05:15:46.776,binanceusdm,AAVE/USDT:USDT,,,,,298.29,1008079.9,293460725.278
1753506949054,05:15:49.054,binanceusdm,AAVE/USDT:USDT,,,,,298.28,1008080.9,293461023.558
1753506950036,05:15:50.036,binanceusdm,AAVE/USDT:USDT,,,,,298.3,1008083.2,293461709.636
1753506952906,05:15:52.906,binanceusdm,AAVE/USDT:USDT,,,,,298.32,1008106.5,293468660.39
1753506955195,05:15:55.195,binanceusdm,AAVE/USDT:USDT,,,,,298.43,1008804.7,293676968.91
1753506956246,05:15:56.246,binanceusdm,AAVE/USDT:USDT,,,,,298.45,1008809.9,293678520.799
1753506958040,05:15:58.040,binanceusdm,AAVE/USDT:USDT,,,,,298.46,1008810.1,293678580.49
1753506960061,05:16:00.061,binanceusdm,AAVE/USDT:USDT,,,,,298.45,1008131.4,293484771.912
1753506963238,05:16:03.238,binanceusdm,AAVE/USDT:USDT,,,,,298.45,1008133.9,293485518.037
1753506965209,05:16:05.209,binanceusdm,AAVE/USDT:USDT,,,,,298.54,1008187.6,293501546.258
1753506966644,05:16:06.644,binanceusdm,AAVE/USDT:USDT,,,,,298.51,1008236.0,293515996.527
1753506967759,05:16:07.759,binanceusdm,AAVE/USDT:USDT,,,,,298.52,1008236.5,293516145.787
1753506970615,05:16:10.615,binanceusdm,AAVE/USDT:USDT,,,,,298.52,1008238.0,293516593.567
1753506972449,05:16:12.449,binanceusdm,AAVE/USDT:USDT,,,,,298.49,1008240.9,293517459.223
1753506975287,05:16:15.287,binanceusdm,AAVE/USDT:USDT,,,,,298.49,1008243.8,293518324.847
1753506976216,05:16:16.216,binanceusdm,AAVE/USDT:USDT,,,,,298.49,1008243.9,293518354.696
1753506978034,05:16:18.034,binanceusdm,AAVE/USDT:USDT,,,,,298.48,1008244.1,293518414.392
1753506981302,05:16:21.302,binanceusdm,AAVE/USDT:USDT,,,,,298.44,1008259.8,293523100.269
1753506982885,05:16:22.885,binanceusdm,AAVE/USDT:USDT,,,,,298.51,1008288.4,293531637.156
1753506985209,05:16:25.209,binanceusdm,AAVE/USDT:USDT,,,,,298.52,1008289.0,293531816.267
